spectrum_id,denovo_seq
0,LAHYNKR
1,VKEDPDGEAHR
2,C+57.021GHTNNLRPK
3,VVQEQGTHPK
4,KGKPELR
5,SLSHSPGK
6,HNSFTC+57.021DATHK
7,HNVC+57.021LEFTAHK
8,RHDPNYNPR
9,KPANVVTK
10,EKEELEK
11,FAEEDKK
12,LGPHTSTR
13,AHGSGVNMR
14,KSPEPVR
15,RLPSEQLAVTK
16,LQEEERER
17,YREHSEMK
18,NQGAGSPPRK
19,TESPAEGQKEEEK
20,LVEEETKK
21,KAETLGEK
22,C+57.021LKPNETK
23,GHQALER
24,TNNLRPK
25,GTTPGHALYVSGETGMR
26,RPVHTPK
27,VLEGHAEK
28,LQHEAATATQK
29,KEAPAPPK
30,NPADELR
31,EVLHHTSR
32,NNTVTPNKPNK
33,MQEHMR
34,HNLYGDSSTTHK
35,SAVYAAATC+57.021SGLAC+57.021STR
36,GDDETLHK
37,NEKSEEEGASSASVK
38,NNTVTGPGKPNK
39,HNVQAFTYTHK
40,HDSLDER
41,TGSNVGANC+57.021C+57.021NK
42,AVTKYTSSK
43,TKYTSSK
44,SSFSQHAR
45,DYTSNM+15.995VHK
46,WEGRPNGMNDVK
47,EKGSM+15.995SSENDQVVK
48,LKEQEPQDDWSTSK
49,NKPGVYTK
50,GRPGMLGGY
51,GHNAVC+57.021SFVVHK
52,MLDHEGK
53,GGM+15.995PHLSK
54,RVPAEEVK
55,FDDGNSQR
56,DGSTDEDKNEAK
57,KQHSLLK
58,STAVSSEAAK
59,RNVVPSSGSK
60,DADDEKPGPSER
61,SYTC+57.021VSDHK
62,FHQQQPR
63,KVTAAMGK
64,GHNLADLQK
65,RGQAALER
66,FGEGHLATN+0.984C+57.021K
67,GTFADKEK
68,FEEEYHTK
69,DLGNSVSK
70,HDTQFC+57.021DATHK
71,SEEEQSSASVK
72,MHVEQER
73,NFQAAHR
74,KKDDLPEEDK
75,ESPHYPER
76,AVEEQGDDQDSEK
77,KWM+15.995FMGPVTVDGK
78,SFHAEKEK
79,GGGGGGGGSSAGGGSGGGGGGGR
80,TGKAPALGLLK
81,RQEEVQAQQQK
82,EENLNSPEDKR
83,YLPGGHR
84,ESTRLDEYKK
85,QHTEQEASGYR
86,VTASSGYGTK
87,ATKPLESANLVSR
88,VTLTNHK
89,KVQHPDTGLSSK
90,ALHVNNDR
91,HQGVM+15.995VGM+15.995GQK
92,KDQLADAR
93,AGM+15.995THLVR
94,VC+57.021ETDEEFDAK
95,NDEEETSEDPRK
96,FATEDGTEAGASK
97,SVHELEK
98,SSAATAAQAEYESR
99,TGPPPPGPR
100,TSYAQHQQVR
101,NDEELNK
102,LRGHDVFYLH
103,TRPTEGHLVTVK
104,SSYSSTDNSHK
105,AMTGTGLVAAAPAALLK
106,NVHELEK
107,YPNHSVDR
108,NKEAAEEYAK
109,RPTHPNTGK
110,SDEELNK
111,PHEYDGC+57.021DDGK
112,SNSQFSQFSQEAGAK
113,GHVQPLR
114,SQKPVVVK
115,NPTYRPR
116,KYEEVAR
117,LGHDAYR
118,C+57.021FNKPEDK
119,AQHEDNLEQYKK
120,VGEVPESDDSR
121,NPSPFGGLK
122,LLQHKPETEEDKR
123,QGVLTHGR
124,HQTHSVALR
125,YHTVNYTMDEVR
126,RC+57.021DELTR
127,GPRDPNLQGDGK
128,TLTVHEK
129,QHNYLK
130,LVGC+57.021SVHK
131,NPPGYYR
132,QQLQTTR
133,NLTEEERR
134,THNELC+57.021QYYR
135,HSELVNLK
136,KTTHGVLSSLNHK
137,GPRAEALER
138,SLQEGSSADDTGDTEGR
139,DPSGAHPSVR
140,QEGEELQTQHQK
141,QEALAQNR
142,FEDC+57.021SSAK
143,VVAGNAASQPAAVVK
144,VRVVEN+0.984GSPK
145,GHLDPSEAR
146,KDEDEPPEGC+57.021DDR
147,EC+57.021TLQEK
148,KLGVC+57.021TAK
149,KTYVTPR
150,KVDGDLAK
151,GPAGPQGPR
152,QAQELEGK
153,LAPGGVHGR
154,LENHQGLGER
155,NQTAEKEEFEHQQK
156,ADDAAGSSTFADK
157,NQTAEKEEFEHQQK
158,LKEELSK
159,AQAEEVNTPEK
160,MSSVEEDSDTKR
161,ADKDYHFK
162,LQQSLQQGNHSSGSNR
163,AGALPLRDDEGR
164,FTQQNYHDR
165,NSDDNPPAYFNDSQR
166,TGGASGSFK
167,ALSSASYQKK
168,YHTSVFTSDHYK
169,MGSHFDR
170,YLHPSGVK
171,GGLLAGHDNR
172,HTLAYDK
173,KGQPPGPALYSEDGDGKK
174,QLPLDAR
175,NGGPGEDAAEGQTK
176,ELSHEM+15.995EASSK
177,TENAGENC+57.021VNC+57.021GAR
178,HDVNLGR
179,SYNTGAVK
180,EEPTQPSTSSSKND
181,C+57.021EGTSAGDC+57.021TPSGK
182,LSEETTTSSSR
183,VTAHAESAYSSAK
184,VGDTYEPRK
185,DTHVVSC+57.021SEDGK
186,QTTEEQQDSSGEPR
187,GDTYERPK
188,LEPPDRR
189,SLEAPPPK
190,EGESSVENETK
191,HPFLDALSEDVLLADNC+57.021QDYDPHK
192,FLHQESDLER
193,HEDGTLPR
194,TESSGSAASHQGQLLHHNC+57.021SHDDPHK
195,KVGLLVGPK
196,FLHC+57.021TEK
197,KAVVVC+57.021PK
198,TC+57.021SATTLK
199,REPLSPR
200,YGNALVNPK
201,LLEC+57.021THC+57.021C+57.021GR
202,STPSGPVR
203,QQGYAAC+57.021QTTK
204,M+15.995KDSETEDELR
205,LGEHTQVSLSGTGK
206,QAFNSGLDQADK
207,NSM+15.995ENAESLAK
208,KLQNFAK
209,QLAESTPAER
210,QLEQAEQVQR
211,MGQTMER
212,QVSENLHEPK
213,YEDELNKR
214,LNYC+57.021LSNQRPDLC+57.021AAPGTK
215,M+15.995YEEHLK
216,QGGAEYFSHGTTGH
217,HLPGGSLR
218,DAVTYTEHAKR
219,HYTVDHSEDEVR
220,C+57.021GGTLEER
221,FTM+15.995LHGESNSGK
222,ESLDLDYK
223,HC+57.021APVLAK
224,GPQNATDSYPHK
225,NDEEETSEDPR
226,DYGHGEYEAR
227,HLPPENFDEKDPR
228,GVQAGNSDTEGGQPGR
229,LMMQGNMRDESK
230,VPTHPSTPN
231,QVHPN+0.984GTSLSK
232,LGKLPVGGPVQAK
233,DSEMGGVK
234,EGQEDQGLTK
235,RPELGSQFK
236,LHQDVYGK
237,ELEEGYRDDSAR
238,GFPDRVPK
239,DGSPTVASKPEDPEHAPK
240,MQLLLDYC+57.021TADDHC+57.021HFSAVGQTK
241,EGFFALLGGAK
242,GPGSFNDPNHLDSLVAPK
243,HLPALER
244,FANAPAVHY
245,SGLHYQQPHYQK
246,SEHPPGLC+57.021R
247,RVENALSEFK
248,EVELTHR
249,LTENSEESSASC+57.021SR
250,PDTGLSSK
251,TQQWSPR
252,DREDFETLEN+0.984EAK
253,YHSDFSR
254,AQHEDNLEQYK
255,LTDYGGDK
256,KLRDDDADYKPK
257,AAALVNAEK
258,PLDQC+57.021QDSETR
259,HGSSSEFR
260,QPGPLYR
261,QSSGASSSSFSSSR
262,SGDTTVGDAAAPGDK
263,VDSFHESTEGK
264,YHTAESFGSDYVK
265,GSHVFTAAR
266,QVDQLTNDAKR
267,TYEDLKR
268,FTTQASDNQQVTQLLQGQQPPQR
269,AHLGTALK
270,ALYQHDAAC+57.021R
271,YTYGKPVK
272,RLRPPVNLDGK
273,APELPQKR
274,NSPGC+57.021NLASNPR
275,LEYANLVR
276,VDVLEGTGTALK
277,MGPPVNHR
278,DMFENAVLSHR
279,AYQTAEALR
280,RGPGYDSTFPTK
281,PFGQSHAK
282,NMGEFVSAR
283,AETTENDPSAPK
284,LHWESSPAGK
285,FKQESSLATER
286,VGNALFANC+57.021VNC+57.021GAGR
287,SNVNDGVAQSTR
288,HSLALGDK
289,SQDGAVSHDLDVTR
290,SGSPGEDAAEGQTK
291,SPSSDELMVSDR
292,KLLEWESR
293,AVHC+57.021SLR
294,LEGKVDSGEEVAK
295,HLDNDVVK
296,HYTLDSTSSYAEK
297,LPAGYGDVGK
298,TATLTSGEEKPDR
299,HQQLLEEK
300,GTELHAAM+15.995WQR
301,KLSVVSATK
302,VPADFEHAAAHGER
303,ESALN+0.984GFWNC+57.021K
304,SDMKVDQDEVK
305,EAGSEAESSSADPGPGR
306,SPSDYPGQVPGTK
307,TVTLSEKGNK
308,SC+57.021GYSVR
309,SLGEDRAETAEPVSK
310,AQVTWHK
311,GASPGPAPAPGGVAGK
312,EM+15.995EAELEDREK
313,M+15.995ASGNDLSDR
314,GNVELKDDVTKN
315,KNVEVMK
316,NPQNSSQSADGLR
317,FAVHQGR
318,SRAGLHLSNSLER
319,VFAVHQGR
320,TLLPMTQK
321,KYNWSAK
322,PVYHALTK
323,C+57.021DPHEWC+57.021YDDGK
324,LSGAGMER
325,LYGKPLR
326,NKYEDENLKR
327,KYVDSSYAQR
328,FTADEAR
329,LDKENGLER
330,EQLEEEEEAKR
331,DDWEEKR
332,VTHFVENDQNR
333,SC+57.021TLARDPTTGK
334,DAVTYTEHAK
335,AGMTHLVR
336,QEMQEVQSSR
337,ETTPKPGNEVTGPR
338,TNLPHPTR
339,TYTEHAK
340,SLKDEDTYR
341,MKDTDSEEELR
342,SKEQAELEAAR
343,QATVDPNDR
344,VTYTEHAK
345,GEEQSVDPNQGLAC+57.021HSSSDPR
346,DLVNTSSVGETHK
347,VEELAAGK
348,SYVTTTSR
349,TC+57.021NC+57.021ETEDYGEK
350,TMEQAAAAANK
351,VVN+0.984GAAASQPPSK
352,M+15.995LM+15.995M+15.995SVAAK
353,TLDSSAQSHLR
354,QLTADEQSGQTK
355,HAMGVYER
356,DAVTAATGSDVK
357,LEVQATDREENK
358,EAHRPPLK
359,ALHESEDKSDSDSAK
360,ELSTENTDQPSR
361,DAVRYEEAVAK
362,HAAPGLFR
363,ETPAASEAPTGSAK
364,KESHLTSSMSSADLSSK
365,LSKEDLER
366,EDLKPLK
367,VVN+0.984GAAASQPSPK
368,GSQGAFGNM+15.995C+57.021R
369,KVLELLLC+57.021ENHESEPLVK
370,HSSAMHVDGSLEK
371,NQGGYGGSSSSSSYGSGR
372,DAVLC+57.021EVYGK
373,NYQQNYQNSESGEK
374,DYSHHPSSNYR
375,QGTTETNTDTTGAK
376,GEEMEEKEELEK
377,KYVDGSTYQR
378,APSNAVHVGLHPSK
379,C+57.021EHLGDLSQSSK
380,TSTSPLVK
381,GVDATQEVSQEK
382,GKEFSVEQH
383,EPDFQHGLEDTLLLM+15.995K
384,SHEGTLEAYR
385,LLNNFLAFC+57.021NPTDLR
386,GVEEEEEDADM+15.995R
387,LAEMQVDEGDDTNVR
388,GHLENNPALEK
389,YSHGNEYLVGADK
390,M+15.995ATM+15.995TVPSVQR
391,QQSQLTATQTR
392,SQGPGGGNC+57.021PPTSLAQK
393,TSNEVQYDQR
394,KVKPVQQDM+15.995
395,TGRLETAPESFK
396,DQLYR
397,NVMVEPHR
398,LSVVNAGEDSPLVK
399,NVTLLRPDGEKK
400,LSNVLLDHVSNVTK
401,ELQTAVR
402,NDSSAGSVDA
403,TSTSPLVK
404,TGHYLTVK
405,KWQQLQAK
406,THEAQLQEMR
407,SLVGYFQQQAADLEAGLK
408,LTLAESVAQR
409,DGGPGEDAAEGQTK
410,GQTHANLLGAVR
411,AAQNAFANQGFQRDEPEAAETGAGK
412,QAVSDEFM+15.995SC+57.021NK
413,GPSC+57.021QDC+57.021DTGYTR
414,VSLSEGDDK
415,VLEDSDLKK
416,KDNLLNDK
417,RGVVELSNDAPR
418,AGDAAAAPSFFVR
419,EQSQLTATQTR
420,TGVAC+57.021SVSQAQK
421,STDQVQYDQR
422,FDKDKEQEQMEEVK
423,TPEEAATEESVEMEVK
424,AGPSQQSMLDTAR
425,ELVSLNEFDPK
426,NHEASLAESQR
427,LEGDKGPEVDLK
428,ELQTAVR
429,FVQGNLDNNSHK
430,LEGGGMASQDNQR
431,KPEGSVSSYPR
432,SPDSM+15.995EEPNAAETK
433,LLEELREQAENQETAYK
434,AAVLPAC+57.021GK
435,GVELDGFNEC+57.021DR
436,QTPSTGSAQTPGQ
437,APFHQLR
438,TFEELKK
439,LQDKEGLPPDQQR
440,HADASSTPPK
441,TADGSLQSASTDGSR
442,LESEVEDYER
443,GC+57.021LVVVSGK
444,NAGHEADLYC+57.021C+57.021K
445,ELQTAVR
446,LAAEQHLPTADGVAQK
447,STVSLDQK
448,NSLQEQQEEEEEARK
449,VVAGTPLRDEYER
450,NSLQEQQEEEEEARK
451,AVVAQGLR
452,VFDPQSDNVVK
453,HQELELELQK
454,C+57.021C+57.021VLNDVNEGK
455,LESDEGFLTNDK
456,SENGFQEDSMDR
457,LASVESTGDLSNSEC+57.021K
458,LQDKEGLPPDQQR
459,LQLEETDHQK
460,LTPDSDSELEGK
461,NSQASSDVEVEEK
462,EGLPPDQQR
463,MGANNLER
464,GPSGGQTPLSFDR
465,FLDTTSK
466,LGNLNPNK
467,RDVVLVDDESLK
468,TETQNALKEEDER
469,TVGTVAGAK
470,SGGGGGGGGGHLRFSQEAAPSK
471,ELEESSQGVEQVEAHPSK
472,TPSPSGVAQR
473,DTEEEGQMESAAEER
474,WLVTNNGC+57.021DQNYER
475,DLLLHC+57.021GSLAK
476,VEHEPSTNEEEQLAAK
477,LQDKEGLPPDQQR
478,C+57.021GVQNFK
479,HESYSGERNDEELNK
480,DGSLVTFSLGSSDM+15.995SC+57.021ER
481,EQLEEEEEAK
482,TATLTEPR
483,NDLDDPER
484,EFHVLVNNDGK
485,DLYLHR
486,NADVVSTAGTPSQPQEK
487,C+57.021MLQDR
488,VDNDEFWC+57.021K
489,KMDGDVQALKK
490,LKNREEALKK
491,DNSLGETPTPTNKR
492,RTLTYPNTQLTN
493,LQDKEGLPPDQQR
494,M+15.995DSTEPPYSQK
495,KQESSLM+15.995VLR
496,STAEQHGAQR
497,LVQAEGEAEAAK
498,GEM+15.995GSYVQPQR
499,LAHFEPGSAR
500,GRLDTDLR
501,QEAEGENPDPGAEK
502,VEQATKPAEYSGR
503,EYSEPHSYLK
504,QSPDEPLR
505,QSSSERDPYSALAGK
506,SVAEQLKEVM+15.995GK
507,LLEGEESR
508,GVEEEEEDGEM+15.995ER
509,QEEELNAHNQDLNNR
510,LETQAYDR
511,NC+57.021AGGQC+57.021C+57.021GPLR
512,HGHELMEETEK
513,DSQGGLQAGSGGQER
514,QC+57.021TM+15.995DSEDMK
515,KVGLLAAR
516,LQDKEGLPPDQQR
517,KQESTVM+15.995VLR
518,LAQDPYR
519,DDLPEDEKGSVK
520,MGANSLER
521,QSPALYGDAPGEK
522,DSLYAQGK
523,DSYVGDEAQSK
524,SGSADRWDNYK
525,NPPLQER
526,SGPLPAPHPNAAGNER
527,LSC+57.021TLQGR
528,QFEDEEGEER
529,GVEAVLAHNK
530,EAVALHGGK
531,SAEEYPFYHTPATK
532,GVEEEEEEM+15.995EEGK
533,LQDKEGLPPDQQR
534,LVQEYTK
535,KGHAVGDLPGVR
536,NNADSEAMAYQK
537,EEDEEDAYER
538,VAM+15.995TPQLEK
539,TVAQSQNLSSEEAAK
540,VVN+0.984GAAASQPPSK
541,TGHGTAPLESVVR
542,VM+15.995AANAVLLAETQLLPQK
543,TPHM+15.995ADFAATQQQLPQK
544,TLESELSQESK
545,DSYVGDEAQSK
546,NQEAAPASQEAAAAAEASGPPEK
547,HFELGGDK
548,LMETDGSDEKGK
549,NQESVADAASWVLDASGPPEK
550,QQHYFPK
551,HAQNPLLGNKPR
552,GYYTDESC+57.021GPFGPQGR
553,VKPTFDK
554,TDSDLLSK
555,SPSVSDYFTVK
556,TGDMYYSSMSYDEVNEK
557,LKN+0.984GVSQPSEPK
558,LQDKEGLPPDQQR
559,YHLEVNR
560,YAHVVLR
561,EC+57.021FEPSTM+15.995QGYER
562,ASLSQSAC+57.021DAAEK
563,KDGAQHYVEELLK
564,AKQEGLAEVLR
565,DSYVGDEAQSK
566,HSFSAASLK
567,NLLNEEEDFLSH
568,SAPLQEEQPASSEK
569,ATVLSGNTK
570,ENLDESPK
571,LTPDELDLAQAFDSSSDPR
572,EQEAEPNGSDEDDC+57.021TDPR
573,LQEQGQAQQK
574,SLGESTASSGSQLAEGK
575,AVVPEDDTKEK
576,TDSDLLSK
577,GVEEEEEDNTDC+57.021K
578,KAC+57.021AVNGPGEPEK
579,EYNEDEDPAAR
580,SELQAPAGAR
581,LGPSTGSTTEEMER
582,SDEASEEGEEKGPK
583,VHPVALLR
584,LVNLGSSK
585,LQDKEGLPPDQQR
586,VYGPSGPPGSPAAR
587,MTHVLMVDDLK
588,SEM+15.995TPEELQK
589,YGHYQYYDQR
590,SHGPNSADSANDGFVR
591,NLEM+15.995TQEDVR
592,ELEC+57.021SLAQHEK
593,EKQGVEADGLPGK
594,SGANYSSSALPTK
595,GPC+57.021SSSNDLDNDAK
596,EAAVNSAEH
597,ALQANLGR
598,TPTQLAQER
599,LPPAAAER
600,ASNGDAWVEAHGK
601,GVEEEEEDADM+15.995ER
602,QQQQNVEDAMK
603,MSGEEAELR
604,KNAGEEVTAEQLK
605,TDM+15.995TPELEQK
606,LRDELALSLEH
607,LPEESMAQADGGMSEER
608,TQSGEEAKEEALK
609,VGEQMTVEDVR
610,AVNVSAAEDGTSQR
611,AYC+57.021TSLC+57.021PNLSDHC+57.021K
612,YATVLSHNPETK
613,VDDVGSTLVSDGDLSK
614,NYQQNYQNSESGEKNEGSESAPEGQAQQR
615,SPPELER
616,NYQQNYQNSESGEKNEGSESAPEGQAQQR
617,EHGSLSPEAM+15.995
618,AVGAQEELEDHLK
619,LPAAPSSSWTSSLSR
620,YC+57.021QVLR
621,EVYQQYQYVEH
622,EAPATPAEAAQSDR
623,LSHLNAETLEK
624,NC+57.021AAYLR
625,C+57.021QYLQAEK
626,GVEEEEEDDDDFR
627,YPQGVAPQR
628,YSC+57.021PGYLK
629,ASGAAGPSTASVPQATK
630,TEATLEAPSSSR
631,SEM+15.995TPEELQK
632,GPSSVTELK
633,RGGGVAGDVEALK
634,LLEQYKEESK
635,GALQDYGSQSR
636,VSEELKDLK
637,SLAAESPEDK
638,M+15.995YSPAYR
639,SFSETLQAGASEEAKR
640,AQC+57.021SQAGSSDTLVK
641,QLEEAEEEAQR
642,TQPAENEPAWVTK
643,GLTGSPGSPGPDGK
644,VLAQEHVENVNYALEH
645,ASLEAGNTFEDR
646,SALQQAVQQQQAAETAGK
647,SLQTM+15.995PPESTK
648,KAC+57.021QLFVR
649,EAATATAAAGTGSTWQPPR
650,TC+57.021GQLTASQPTNSDSR
651,SSELQTLK
652,VVAQQHQELNSR
653,M+15.995TDTPEELQK
654,VEGELC+57.021MQER
655,TPGPEVAEVR
656,GTAEKEGSLDYDFEER
657,GPSPLSQTHR
658,ASMQQQQQLASAR
659,EGEM+15.995VM+15.995GVDVR
660,LDEGTWSDSESVGQSR
661,LGPEFEAR
662,QKDYDFEER
663,ADTQTYQPYNK
664,TAHEDFEGC+57.021EEC+57.021R
665,EPAPEPQEEEEEKPPQQ
666,M+15.995QPEPGEPSGSGSPEGAPC+57.021K
667,C+57.021PN+0.984GELMK
668,ESTQC+57.021VQELVNK
669,SAAHLEHDLER
670,AEAELEEEFELELFRLEK
671,DTELHVVGAQN+0.984GK
672,SEM+15.995TPEELQK
673,QAFGEQNYGER
674,LGEEELQKPEEK
675,SGVSC+57.021PGTQC+57.021LGR
676,SESEEKDFAEDLMEGK
677,YELTEQR
678,VNSQQPLPTAER
679,LFQELENEVSTLK
680,EM+15.995EAELEDER
681,KVVAEVYDQER
682,TGHQQQPQQQAAEGDAEQR
683,EDDM+15.995FQRLQETYADR
684,SVHQDLSDDDLK
685,EAAAGGGLGGAKER
686,SLEAFAYENER
687,LDRSDNPNPLDPK
688,SSLQTYQPYNK
689,YWHDDGVNYK
690,NSLQEQQEEEEEAR
691,LETNENNLESAK
692,DLLHDPGR
693,GSHC+57.021SGSGDPAEYNLR
694,HLQAVLR
695,EGLESGDPADSDGR
696,QSSTTQVSGLGAER
697,EPTYLALDEN+0.984GK
698,QQELVSVR
699,ANEVAVLH
700,C+57.021SWSPDSGK
701,GGEVC+57.021NHALGFR
702,AGFAGDDAPR
703,LLGAGDNSTSDR
704,DSEPAEANQLR
705,NPVENSSR
706,LPTPTPTSTSNSQC+57.021R
707,AVTEDFC+57.021FTLVLDGDEGK
708,KVVAEVYDQER
709,NPAPPPVPPPPDTPSYVLGGR
710,ALEQQVEEM+15.995K
711,STESLQANVQR
712,DNLQGLTK
713,AMPEDEPTPQK
714,YRPGTVALR
715,TYC+57.021SPSDGK
716,QTYSTEPNNLK
717,SSPVLC+57.021AGGNER
718,ETAENLSTADLR
719,STETSLLSK
720,ALQEQLEK
721,AGFAGDDAPR
722,LAPAEGESAETPPEASR
723,DVFERSPAK
724,VNSALDDC+57.021DC+57.021K
725,LAALQALVG
726,AALGELQK
727,ANYEEDENTGLK
728,LSVSSGTENLGSMASTK
729,ESNPLTAQQTTK
730,EAHEPLAVADAK
731,DSQEEEKTEALTSAK
732,YLASGSGDSTLR
733,SSSQQQPQPPQSE
734,EFQSPDEEMKK
735,ESEFLTAGVDER
736,SLLESGGETGDGDNDTTK
737,QADPEADPESVDR
738,NPEHFVVC+57.021NR
739,AELEGNGQSTGYQLR
740,SQLQQAAANLAQHK
741,LTNEDFR
742,DNLQGLTK
743,YRPGTVALR
744,GAFGSRPAVQLK
745,VTAVNGTTGQGATFFR
746,KQNVSGADGDENSPEEAEGK
747,ADAAGATEGSGAADQAPEEGEAK
748,VGM+15.995GYVGGDRGYSTDDVK
749,EGTEWNNM+15.995DPQLLDVK
750,ASDDSMTLQSQK
751,GLLESGDLTNAANEM+15.995EK
752,LSQSVPPELGFSFPC+57.021K
753,SGAQASSTPAVVER
754,AVESLQAEGSEEK
755,NTHEYLLMEQ
756,ALQALN+0.984GR
757,KDEDLFR
758,FFSDC+57.021K
759,SEM+15.995TPEELQK
760,ESLEDGDPQDDR
761,ESNPLTAQQTTK
762,AAELYGVPNQR
763,TSQAQSEQPPQSE
764,GGAMGELDGR
765,C+57.021LLQDGR
766,QLEEAEEEATR
767,WKLDGTDR
768,EESNYELEGK
769,YRPGTVALR
770,PATGSPDELDLC+57.021VPATK
771,LLVGDADEKGEAQDASK
772,LAAVQTASDSAGQER
773,EMEAELEDERK
774,KALAGHPGEVEK
775,ELSVSAEKDDVEK
776,TASAM+15.995QMLAGEK
777,THEDLEAQLR
778,EGVHPDTGLSSK
779,SGAQASSTPLSPTR
780,QGGSC+57.021SLANSLEK
781,VEQAAEAVGEYLYDVH
782,AEGSESGDNLMK
783,KGM+15.995AEVSSEKM+15.995N
784,GVEEEEEDGEMR
785,DKDAYSNTYR
786,DTLC+57.021SVENNGQK
787,AAGSVARVPVK
788,VLSGTLHAGQPVK
789,AAVATTQGEQEAAETC+57.021R
790,ETLHLTQEEAAETC+57.021R
791,C+57.021LC+57.021THEK
792,LGDTWSK
793,LHNALESANALSR
794,HFAEWR
795,ESSGNSPGEDGELR
796,VC+57.021GAALVNVDHMQQYHEEHLR
797,SHETQTLATQTSVTSEEENVHR
798,GTPEEGVRNPEGPAPK
799,TEQELLQSDR
800,VPEPQAELEEAR
801,QFEEEEEEEDEDYASR
802,M+15.995VDC+57.021TC+57.021LGEGNGR
803,DHDLGSLEVFSNLLYASR
804,QLQEVLAEC+57.021K
805,KEEELQGALAR
806,GTWHNELR
807,LQGQLEQGDDTAAEK
808,VMQQQQQATQQQLPQK
809,VMQQQQQATQQQLPQK
810,LLHLPEK
811,SEM+15.995TPEELQK
812,TTSSEPVDQAEVTSK
813,DKDSAENGELEFK
814,NAASVSSGLVPYSKDTPAGK
815,NATGQDDGLTESSDGTPQK
816,C+57.021DPLDEEEDSETR
817,EHVLELAR
818,KGVNPEN+0.984DFQR
819,LMC+57.021QEC+57.021PEGYR
820,VVLLDLPER
821,STAADGQTQVELK
822,TAC+57.021DPSSGEGDGDRAEEVDPHGNK
823,SSPPFAQHQSSAGHGTYGQYTQR
824,AVFMPDAK
825,LPAGTTVLNETWLSDRDR
826,WGETVEEVLEK
827,VPLVPAPGSDER
828,M+15.995VDC+57.021TC+57.021LGDPMR
829,YLGEQPC+57.021ADR
830,EDAEPEEQNFADVNPK
831,LDC+57.021C+57.021LSER
832,SQDVSDVTAAER
833,EELLAQAK
834,GGDSLGETPTPQSK
835,C+57.021GVFC+57.021EEEQPEC+57.021GK
836,ALSEDLGADSSSGLK
837,AEAEGVGEDVPEEHNAEGDPLK
838,GEDAQQGGGEVYLGER
839,TGYNFQR
840,EENAEQQALAAK
841,RTEEPSALSYGR
842,AAPSPAPAEPAAPK
843,RSDSDSSENTPQTPK
844,RVTGC+57.021C+57.021LSSK
845,C+57.021DPLDQC+57.021QDSETR
846,HPALVAGYK
847,LAETYNVTGLSSK
848,PVEEQPK
849,AAMKEVLGPNNYAAGSAVAGEQK
850,YSALLPLK
851,EQQLLPDHAK
852,LQSEFEK
853,SKSDQATPSFTLHSDWEPGATPK
854,HTGPNSPDTANDGFVR
855,M+15.995VDC+57.021TGTDGEPMR
856,N+0.984GVHQQYPHNVDVQPQK
857,ESVDGLNLGM+15.995LGK
858,ELGPEAAGQGDTDWSQR
859,GGDSLGETPTPQSK
860,EEYN+0.984ALAK
861,SQSQLGSTSESASVTVN+0.984SFHR
862,DPPAATLPSGASYDTAKNHADAASR
863,DEVDAAESTPSER
864,ALQQEQELEQR
865,LGSVTFHSGVNN
866,TDAASKPAFEVR
867,AQLQLVVPK
868,DGVPEGTQLQAHR
869,TYHVGEQWQK
870,GYDGGSSFQSTTGH
871,LEEYLSK
872,EALEGTYLDKK
873,DQHGSTFQSSC+57.021SGETGK
874,SAETLEHGLQG
875,LTLEDDKPGVDR
876,HKGLEEQQPETGLPFGQVVGANTPTAK
877,DGYNSTFQSTPSPSEGH
878,SVMEELKR
879,ENSSQMAQDLQK
880,RATTELGSVSGQK
881,C+57.021GLVGNNLEPYFESFLNNLRR
882,TTC+57.021QDLTEC+57.021QTSPAR
883,EVGFLNQK
884,AEPQTSFLGEVQQEK
885,MVVLQNLQELGQK
886,GNLGAGNGNLQGPR
887,SFLASQGSGNHEAH
888,LPSHYER
889,AQSELSGAAEQER
890,YSPEEQEAVQPK
891,LAATSQPGRR
892,YVC+57.021VGQEGEEEEK
893,EGLLQAADLDR
894,DGTPASLFGC+57.021DLNK
895,NTN+0.984QASMPENTVAQK
896,ADLLEDK
897,ALAAAGYDVEGMLAAR
898,NDVTAELENVLRDAVTYTEHAK
899,LGDQWDK
900,EVATNSELVQSGK
901,HQEGELFDTEK
902,EVEQTMGMQWDK
903,C+57.021HGSSDLENVK
904,FGALASDPTLVR
905,RGVELEEVNEDGTVK
906,NFGSYVTHETK
907,TM+15.995LLSPER
908,DTHDQLSEPSEVR
909,TEESAEAC+57.021EEPEDDVK
910,TTLTTTTSSSSTVASAR
911,M+15.995LQPPAGNPVDLM+15.995LN
912,LDAQVQELHAK
913,QAASSLQQASLK
914,GAADSFTSPPPR
915,VDNDENEHQLSLR
916,MYSYPAR
917,DTPGHGSGWAETPR
918,ANPTFNVPVSLPK
919,YASETLQAQSEEAK
920,AVTEQGAELSNEER
921,GTTTTTSESEVELLRDVEENHR
922,KLMEDLK
923,GDDLQALK
924,VVASDKETYELR
925,ELAQDFK
926,TGLLLDGPGR
927,SSWVEPPFHELDAFC+57.021TPYFR
928,DLEAHLDTANK
929,VASDKETYELR
930,FMC+57.021EVR
931,ASDKETYELR
932,AVEC+57.021EEGSEDDESLR
933,NAGFNTVAFQNTPGSEHR
934,LGDAGNAYLTAADTVGC+57.021C+57.021SLR
935,WEEGSNDQLK
936,QLEEEQQALQK
937,AGNQMQEGETADTVGC+57.021C+57.021SLR
938,EYSSELNAPSQESDSHPR
939,LTPVQPGQEDQN+0.984GQN
940,ASEKAEVDLTADTVGC+57.021C+57.021SLR
941,EYSSELNAPSQESDSHPR
942,PVSLNYK
943,NNASTDYDLSDK
944,ADQSFTSYKR
945,TSLSAGTNSLEK
946,LQAALDNEANR
947,ELEDATETADAM+15.995NR
948,QWDGPNFQPAPR
949,LEEAN+0.984GSGQAMVEK
950,LNLSEGNC+57.021PER
951,LALSGVNQQSSQAGPTGK
952,TTDPNENAGDGLQTK
953,ASTSAQC+57.021PTVTLK
954,KVPMFGYTADLR
955,GHTDFVSANAGYDR
956,FNAGLGDM+15.995LVVC+57.021NTK
957,TNQELQELNR
958,GDSPASSKPVSLNYK
959,AEPVEEKPEVVK
960,LEEVDKEDELTEK
961,QQC+57.021C+57.021EEDLDVSSK
962,GVLKLSPEAEELEDTR
963,TPSDQEGLTPR
964,M+15.995VPNGVC+57.021VSEGGGGR
965,MEGGVEEVK
966,VDYSLTK
967,SLC+57.021DLPVHSNK
968,FGQGGAGPVGGQPGR
969,LSLVLEEEGEAVPAAPVGAPK
970,LPEEVVK
971,AVNEEC+57.021PTLTR
972,ELTEAC+57.021VGSC+57.021EAK
973,PALLSC+57.021AHPDKDPK
974,GVEEEEEDGEMER
975,GHAVGDLPGVR
976,DADEEDNNLEVR
977,SLETENQLR
978,LSPEVLSDASK
979,AVVGVVAGGGR
980,SPDLPGQAQAQK
981,C+57.021NEGYEVAPDGR
982,MGEDETEAC+57.021C+57.021DLR
983,LLEQEEEEEQKQ
984,EMYQATQYTQAQQAR
985,DNLENSLLEGDAVEVR
986,NVESGEDELTSR
987,SYC+57.021AELAHNVSSK
988,KLPGELDPNPETK
989,GRPM+15.995AGGAPGGAGGGAGPGFGGHPNSHR
990,MEMETEDQGLEEDSR
991,ASTPSGAVNGLTGAK
992,VLGSGC+57.021NLDGTR
993,ANEQPQTSAQGQPAAPVPQK
994,LGSTEATLEER
995,DDEVNLVR
996,TFYSC+57.021TTEGR
997,TPSDSPENVVR
998,GVEEEEEN+0.984GESGC+57.021K
999,C+57.021STEGDGNSTGYQLR
1000,GFSSGSAVVSGGSR
1001,YSLVLEEEEAVPAAPVPQK
1002,SSGSAVVSSGGR
1003,SVTEQGAELSNEER
1004,M+15.995LPVQSAPARPNAQN
1005,TTSNYETQTFSSK
1006,YGDGGSTFQSTTGH
1007,DN+0.984DLGGYYDKLEEK
1008,LNVQPENSLLR
1009,TPTTGPATPSSTPAPTTGGR
1010,DVTEAEQAEEQAK
1011,GVEEEEYN+0.984GEAGC+57.021K
1012,YVEC+57.021SALTQK
1013,WC+57.021GTTQNYDADQK
1014,LAPAEGPDVSER
1015,RGGLPTNVPR
1016,NFSAQAWQEGK
1017,SEPAPAAPAAPAPAEK
1018,DSEGNQVLPDQK
1019,NVESGEDELTSR
1020,MDEYDDRLR
1021,RLALLGVNALNDSGR
1022,MVQSQTGEDLELK
1023,LLTAADTTAEQR
1024,LSLLGPHEDQTLEDLLEK
1025,LASYLDK
1026,VYVGERGDLDK
1027,TFYSC+57.021TTEGR
1028,AAHEELTC+57.021TNEGVM+15.995YR
1029,EYYTQNMER
1030,GFSSGSAVVSGGSR
1031,HVLVTLGEK
1032,LVESDAEADTVR
1033,C+57.021C+57.021LNNFR
1034,EEEMAEEDVEER
1035,M+15.995PQAPVNTSC+57.021HHLN
1036,DPLDLLVVEPK
1037,QGGNAGGSVPGLER
1038,ETVEEQVTEDTK
1039,QGEGLGTEGQGLK
1040,TDM+15.995TPEELQK
1041,EGGYQEEDM+15.995YK
1042,APAGLAGPVR
1043,GGAEEAAEGGASEEEKNLQQAVVSSR
1044,ESEPQAAADAELSK
1045,AWFNNNNGTLVEAK
1046,AAEVC+57.021DNLGTDENVKAK
1047,LAEC+57.021SSNLAEEEEKAK
1048,QSHLYVSSDDLK
1049,LPFEQYLQAALEGDTPYFR
1050,FALAQAGAK
1051,M+15.995VC+57.021DTC+57.021LGEGDGR
1052,NQSLLVSGESNAK
1053,GLVDNGLR
1054,GGDRGDDQDTEDDGN+0.984EPPNAR
1055,YQQAQEELMK
1056,SFGSTC+57.021QLSEK
1057,LLEQEEYQR
1058,ELNLTAAK
1059,VTSQDENAVSLR
1060,GLVEC+57.021LGGAEGER
1061,EVDEQM+15.995LNVQNK
1062,SELTELR
1063,TFENVER
1064,RPEFFLYQEK
1065,QESGDAESNVFR
1066,LSTSLSDEHAR
1067,FGSNQEDALQR
1068,QLTLVGPDELR
1069,QQLAASQQASQESQASAPSTSR
1070,VELLANDQGNR
1071,EGGGGAGGSVPGLER
1072,NADRPLYEMC+57.021PY
1073,AADEDSNAQVTTENQLK
1074,SSQSSSQQFSGLGR
1075,FVNDTLR
1076,M+15.995LQVLSYSGEKPDK
1077,SSQSSSQQFSGLGR
1078,TSTSPLVKSFNR
1079,AGELTEDEVER
1080,TYTQLVR
1081,GNEGANANSLTTK
1082,NSEEVEFNLYNK
1083,ASTPSGAVN+0.984GLTGAK
1084,RPSENQELEQAFK
1085,NTSLGNLALNHVLNLTLLDLPGLTK
1086,RGELYDTSK
1087,TQPMAAQAGYTR
1088,AAPVSTDVTLDQALR
1089,SSVNPDPTVQADM+15.995K
1090,M+15.995VDPYC+57.021DQNDGR
1091,HLQLALR
1092,TAGTSYGVPY
1093,QLNVSTDDSEVK
1094,ASSAAPAETAAPAPVEK
1095,LLEGVDEYQR
1096,SDGALSLAEHFYADNQFGEQLQK
1097,EATSLTKPGGLSDDELER
1098,GPTPSAEAAAAALDYK
1099,ELLPGTLK
1100,LDC+57.021TADSPDTFGEGVR
1101,ALDPSLTGADAQHAK
1102,SDGAGVADYDQVSDAYHMAGADLQK
1103,QSLPPEDDGNFDAK
1104,C+57.021QQENAELLR
1105,AADPPAENSSAPEAEQGGAE
1106,PATAALSPEPNESK
1107,TGASVVLAR
1108,DTM+15.995TPELAEGK
1109,ETGTTGSLAGAPEDER
1110,PATAALSPEPQDSK
1111,GTGDDNDGPVLTDEGAK
1112,AEEMVEAAGGFSHS
1113,RAPM+15.995YGTGASESALK
1114,TAQC+57.021FLR
1115,VELLANDQGNR
1116,WKPPTEAGGSLK
1117,GNLGAGDAHETLR
1118,HESMLTDLEER
1119,EVQHLATNDPK
1120,AKSDAESEVAALNR
1121,QEYDESGPSLVHR
1122,VPEEKDQTDDM+15.995VPVEE
1123,TNMPQEAPDDSGDMK
1124,M+15.995LQPSAGSGFRPDNF
1125,TGAMALEPVC+57.021TLLEPN
1126,EEPVEKGEPVPEGAPC+57.021K
1127,LLDDC+57.021HNNAR
1128,HLQLALR
1129,QQAAELVSR
1130,STAGDTHLGGEDFDNR
1131,LLQC+57.021VGSEESR
1132,WDQTADQTPQTPK
1133,LAADDFR
1134,LLASGAANFPQFLGH
1135,SFAAGGDEPAASAAGSR
1136,PGFEPNLK
1137,AMVSSSSNSSGSSSSLPSAEK
1138,DGQVEVGFGELRAESSK
1139,NGGLVLNYK
1140,LMEDEETDNAYK
1141,TAQC+57.021FLR
1142,LSEEHAEN+0.984FR
1143,LREEM+15.995LVDFR
1144,LLHTSVWAGQK
1145,C+57.021VMQPAYEDVNNC+57.021HER
1146,YLNSSPATLDSR
1147,WKPPTEAGGSLK
1148,FVPDKGSSFEDR
1149,ASGNYATVLSHNPETK
1150,SSGSPYGGGYGSGGGSGGYGSR
1151,EVVDHLLM+15.995ELN
1152,LC+57.021DEC+57.021NYGSYQGR
1153,SQC+57.021PPFSFLNYK
1154,LVVDSHVQYR
1155,ELEAELEDREK
1156,LQNMVDM+15.995EVR
1157,MANAC+57.021LPPLVDQAK
1158,VVAEVYDQER
1159,SDPSGSAGLSSPLQAGAR
1160,QLQDELQSQR
1161,HLQLALR
1162,SC+57.021QTAGLATAESGTAGAR
1163,VESTSVGSLSPNAK
1164,DAAYVLEGK
1165,LNPSLHLGNSNSSDSR
1166,VYELC+57.021VSGDLSETPVER
1167,SC+57.021SNTTLLGEENDGK
1168,LLHDEDSLVTEDK
1169,DGQVLNETSQHHDDLE
1170,AEEQLLEVTK
1171,N+0.984GQVNGDC+57.021DDDQLELK
1172,GAVDEVFYKPGPTGK
1173,APASVDDDDEDDNDPENR
1174,GVTQVVPC+57.021AGVENEVR
1175,HLQLALR
1176,HALQSASAGSGSFTDVR
1177,NGLGAGDGNLQGPR
1178,KEEELQAALAR
1179,LC+57.021DEC+57.021NYGSYQGR
1180,GC+57.021DYLEESASNK
1181,FM+15.995TDPLR
1182,VGAHAGDYQEALER
1183,VVAEVYDQER
1184,NNTQVLLNC+57.021R
1185,ESETAEEQALEEQNAK
1186,ELFAADGQAPAVPETLGGGR
1187,GQVQEVQASEETQELGNASK
1188,NAVGGALYEDHGASSSLGNASK
1189,EKLQEEMLQR
1190,DTELDRLEC+57.021DR
1191,AQDASLNVPER
1192,AQDASLTPPSGR
1193,EAGDVC+57.021YADVQK
1194,C+57.021LLFM+15.995GLVYEAVTK
1195,LYETPPPDSNGDASSSR
1196,N+0.984GDPLN+0.984GAC+57.021NDGSNSK
1197,DGQVLNETSQHHDDLE
1198,DGQVLNETSQHHDDLE
1199,SMGLDDAC+57.021HEAR
1200,AAQEAVANTLGAER
1201,HDAGDLDEQSAPLK
1202,HLQLALR
1203,LLQAVENGDAEK
1204,AHLQSASTSNTEQFR
1205,LLQAVENGDAEK
1206,QSVEADLN+0.984GLRR
1207,SELNQVVMMK
1208,KEEGVDVTKPR
1209,DLDLHEVR
1210,FEDEDSDDVPR
1211,HLQLALR
1212,QLGELC+57.021TER
1213,SSSPSQVDAVQTK
1214,VVAEVYDQER
1215,FSETAVEQLELNKEGNEELK
1216,LLALVEENLPAEDK
1217,NNTQVLLNC+57.021R
1218,AVVLVDDR
1219,QSPALMSASPGEK
1220,ALM+15.995EEQDGDGDEAEPEEGEDDR
1221,FELQHGTEEQQDEVR
1222,MVDC+57.021TC+57.021LGEGNGR
1223,DPLAADETAPGAR
1224,HYQLENEGLER
1225,EAFNM+15.995LDQNR
1226,EVSFDEFK
1227,C+57.021DHLLNGDSAEPHTQVLLC+57.021NR
1228,AVAQGNLSTGDVNGVK
1229,VYAVGATGSVTEC+57.021VK
1230,SSTYNAEEGNQQAAMK
1231,EVSKDGTSVELSVGVLGK
1232,KNVGHFFNEQQEEVR
1233,KTANDSNEVR
1234,AAGMGSSGKLDER
1235,YLYLFDESDDTSTEK
1236,VNFQQPGEAER
1237,AQLVPYHSAAEVAQK
1238,DQTPDEGNLELQK
1239,C+57.021VSVQTDPTDEVPTKK
1240,DSQDAGGFGPEDR
1241,LNLANASEAEAAK
1242,MQGQEAVLAM+15.995SSR
1243,EGSTPEDDMPSLDDFR
1244,N+0.984ELFAQSK
1245,HLQLALR
1246,AMSTLNC+57.021GDLFR
1247,SEMTPQSGNVK
1248,AHLQGDAYTPFTDVR
1249,M+15.995VVPAALK
1250,QLQLAQEAAQK
1251,FDDAVVQSDM+15.995K
1252,LTGQEELDEAC+57.021K
1253,QLDVQSSQVSEAGR
1254,TEEESDQVEVPR
1255,VVAEVYDQER
1256,PSAPSNPTLSGVEPAK
1257,STVAPVLR
1258,LLGPGLNK
1259,TVFAEHLSDEC+57.021K
1260,LQALQQQADN+0.984AEDR
1261,FDGAQGYSC+57.021EAAC+57.021TR
1262,EEVASEPEEAASPGLEK
1263,C+57.021VSVLNTGLQEDPTKK
1264,N+0.984GTMALLEHMER
1265,TNAENEFVTLKK
1266,RNFHGSMTMEEAVSSK
1267,TRDELDPSDGYPGHHEQLNSVGEQGR
1268,MVATTNSLEER
1269,LEEQEEDTFR
1270,EQLVPKENLGPGVQK
1271,KGVSVSASAPTDDLNVLK
1272,SLETMPPDSTK
1273,VMVERDGEVVGTNDDVK
1274,TPVEPAHEVLR
1275,DLMSTAEALHR
1276,QATESTVM+15.995VLR
1277,DHSDLGEQMSESEK
1278,HLQLALR
1279,VGMLDTPSGEEGELLDVK
1280,SFSSPEDQYR
1281,LDTMSFADQER
1282,VAVVGAYSGQGQQQPGR
1283,PSAGSSTSAPSAPSQAVEDKEPAK
1284,FRLEQGFFVK
1285,SEPLPQSEDGPVK
1286,TSEDSAVYYM+15.995NR
1287,VVAEVYDQER
1288,VGQAVDVVNAAGK
1289,SYEAGHLFLER
1290,ESEPEGNVGDEQDGDEPGPQR
1291,LQEKEDLQELNDR
1292,LQEDMLQR
1293,SQ+0.984YEQLQNAER
1294,EDLQENVER
1295,MRPYSQVPEC+57.021DGDTPYFR
1296,VVAEVYDEER
1297,NDPAGSDNVSSVTSSGTGAE
1298,DAQELSGSTLEEK
1299,NLEMTQEDVR
1300,AQAEEDAVTGLVQK
1301,HLQALLR
1302,VYSDEETGPFLLSGEENVEVPNK
1303,SSQSVTTQPTEFK
1304,TGTTEGVC+57.021SGTGAVK
1305,AAPDTVASESAEPSGER
1306,VGMVQERELTENGDDVK
1307,SLQPSSPYPSFSNAK
1308,DGTVYADAMPPTGK
1309,FQLGDLC+57.021PPSPEPTR
1310,TDTYVSEGNDTGYR
1311,TKGFEEYVYK
1312,LAADDFR
1313,VVAEMLTSVAAK
1314,YLQGSTYLQK
1315,SGDASASSLSLEETNK
1316,LVGATATPPPPPK
1317,DTEMLATGAQN+0.984GK
1318,FANYLDK
1319,GWEEEEDPER
1320,TVTQVVPEGPMNDQGR
1321,GDVNSDEVSVVQDGDEPGPQR
1322,C+57.021C+57.021AVGEEYLK
1323,NC+57.021LALADDR
1324,ALVC+57.021TC+57.021YSNR
1325,LLYSQC+57.021GDVM+15.995R
1326,LVTC+57.021ETNTGEVYR
1327,EAEPEQVAPETPEDR
1328,AEM+15.995ELSSYYAFTDTAFK
1329,DPVLVQAGGY
1330,NLETSWDDVR
1331,NFWDMDDER
1332,VVAQFM+15.995EELR
1333,SFEGYGLENLDPEK
1334,LPLPLNSNHPEDPTGNK
1335,HLQLALR
1336,LGVLDEGK
1337,YVVGNLGNN+0.984GNK
1338,LDYGQHVVAGTPGR
1339,QLAEEDLAQQR
1340,KESYSVYVYK
1341,ELSNSDGEQLTR
1342,EFQSPDEEMK
1343,DYLC+57.021DGQEDC+57.021R
1344,TQSPALMSASPGEK
1345,M+15.995ALHAC+57.021C+57.021GSAGYLK
1346,ARPMEVEVSDEEALDEETK
1347,VVGLGVGM+15.995GVTKG
1348,HEGAGLLC+57.021LSVEK
1349,EANVYYASSPSAESR
1350,AQNTWGC+57.021GSSLR
1351,ARPGLHGFELEELLDEETK
1352,LVGAC+57.021LPGLAFK
1353,AAM+15.995PGDKHGDMDDGNEGPPGAR
1354,FVQC+57.021PDGELQK
1355,NNTQVLLN+0.984C+57.021R
1356,VC+57.021ADLLR
1357,AAAAPAVGEEAETAAAH
1358,LLYSQGC+57.021DVM+15.995R
1359,ENSNTVLLSGESGAGK
1360,TFETSQLESGK
1361,QEPNFQVK
1362,LM+15.995SPTLEDQER
1363,RAYELR
1364,LDPGEQSQDQVC+57.021GAK
1365,LNTGLLNK
1366,EFERNPLVDEDPTGNK
1367,LPPPNNEEVDEDPTGNK
1368,ELAAQLNEEAK
1369,KADEEEESEEEKR
1370,TRLEEELTEEDQNC+57.021K
1371,SATEATVWADLLNK
1372,LDEPLESGEDR
1373,KLEFDQLLM+15.995EDQNC+57.021K
1374,VTYSSPEDGLR
1375,SALKELDQR
1376,FLQPPPPK
1377,APSAAPAAPAAPAPVEK
1378,LDYGQHVVAGTPGR
1379,VTGAVVVPTHSDSN+0.984GQR
1380,NEGVPGSVYYQPEK
1381,ELTAPDNLDPAK
1382,VVSEDEETALEK
1383,KESYSVYVYK
1384,TQSPSALSEAKSPN
1385,EQVANSAFVER
1386,TNAFFNGLAQNAAQAAAEK
1387,LNLYSDEEVEEALDEETK
1388,HEALSGLGTASVEK
1389,EGSTPEDDFPSSSGDGNK
1390,EEGETADTVGNSGMMR
1391,AGASALGSEEEEAAGEPSGR
1392,EATTALESLQAQAQGDAVK
1393,YSPTSPTYSPTSPK
1394,DVSMASLC+57.021TTAEALK
1395,YLSGLQTLGHR
1396,TNLDESDVQPVK
1397,DLPSDENVGLSTK
1398,SLSRESDPNEGLNSPMDPK
1399,MVTNSDDELVGVNEPADTR
1400,QLQEGLDVDYR
1401,AGC+57.021C+57.021DC+57.021C+57.021GLGLR
1402,TNEKVELQELNDR
1403,LVC+57.021N+0.984GC+57.021NGPVVGTR
1404,VDSGPPNPLVDEDPTGNK
1405,HLQLALR
1406,VGVDNFR
1407,SSYFPEGDSENVK
1408,GSNLDAPEPYR
1409,ESPTTTSPTAEAGADDER
1410,GGEGNFDEATVAGR
1411,LPPLTNEEVDEDPTGNK
1412,M+15.995LM+15.995SDAPEELR
1413,QLLVGVNK
1414,C+57.021TGGEVGATSALAPK
1415,VTYSSPEDGLR
1416,VDPPVYK
1417,LSGSPPNC+57.021TTNEGVMYR
1418,GLSEDTTEETLK
1419,KGDNSGFHPLDVNYEK
1420,ELVTAAERDPAK
1421,LTAHELGSTDLSADYMR
1422,KESYSVYVYK
1423,DDASHDEQPAKYVESK
1424,VVGESNDVNFK
1425,GPSGPGSSLSDVEATK
1426,AASSSASLYEKNDATN
1427,LLEEQTC+57.021EAASETR
1428,GLDVEDVK
1429,MVDC+57.021DC+57.021LADGDGR
1430,TAFYNEDDTEEDQR
1431,AAEC+57.021NLVVTQPR
1432,ATAAGVPQYVDFNQDAEQR
1433,KVNQDADLFTGEK
1434,LM+15.995SPTELDQER
1435,YSQYQQALYK
1436,VLEEANQALNPK
1437,C+57.021AAEENC+57.021LASSAYR
1438,EDKETGPLVDEDPTGNK
1439,LQAETEELEEEK
1440,GPQLVC+57.021TGSDN+0.984GTVK
1441,AAPSAASAAGAAEEEESR
1442,LVLNGGNGSLEDR
1443,PLPPNNEEVDEDPTGNK
1444,EAVLLGHPANLSPASAELEK
1445,AGTATLQTLGEAQSK
1446,DSHVELLAWGDGR
1447,ANSNLVLQADR
1448,NPHAELC+57.021ATNEGVMYR
1449,EMEAELEDER
1450,ELVHLQAGQC+57.021GN
1451,YTPSQQGVAFNSGAK
1452,LEVQDSSSGGSLVR
1453,KGQLPNELANADYK
1454,SAEEKEYSVEDSDEEALDEETK
1455,KESYSVYVYK
1456,NC+57.021EC+57.021LSC+57.021LDC+57.021GK
1457,ALGTSGAPLTDSEPSQK
1458,ALM+15.995STNPPPLMEGEALASR
1459,GASTDVNYLAH
1460,LVNEQDGLYR
1461,M+15.995PLGWALEDYEHM+15.995GR
1462,GNTANVLR
1463,EEEEEAQLLQR
1464,ASLSEEC+57.021GSQTC+57.021
1465,LLNETNVSNLNR
1466,YVPQQDALEDR
1467,AAEC+57.021NLVVTQPR
1468,AAFVGVTMEDGK
1469,LVLGGDETPEGQK
1470,GGKPEPPAMPQPVPTA
1471,ASLSTGTVHLSTN
1472,GC+57.021EFLLDEEEADDNKDLTK
1473,NFYQEHPDLAR
1474,AADAEAEVASLNR
1475,C+57.021NTDDTLGDLK
1476,GGSGGGSSSVGQYQTLAR
1477,LPPLMDYEDEDPTGNK
1478,DLYDDKDGLR
1479,VLLAGAPPDFAR
1480,GPQLVSC+57.021SADDSAVK
1481,ESLTVATASQPNER
1482,GQELPDFADVEEK
1483,AEEAERETQLGMLGK
1484,C+57.021EEQLEETLK
1485,YTPSQQGVAFNSGAK
1486,DGQVLNETSQHHDDLE
1487,N+0.984GPPGVFEFEKFAAGTK
1488,ELVHLQAGQC+57.021GN
1489,LM+15.995ADNPSWDGEK
1490,ALSTASSPQSPGDALR
1491,QVQVALETAQR
1492,EDVFVHQTALK
1493,GGGDFTAC+57.021SNELGVGVSK
1494,VQVENEEPDYEATVK
1495,VLQEQLQVNDNTK
1496,LGM+15.995LLQR
1497,VC+57.021FEMK
1498,VC+57.021FEMK
1499,LNQPPEDGLSSVK
1500,AAHNFGLAGSAGLLDGYAR
1501,SDLYEQDYDR
1502,SEGTYC+57.021C+57.021GPVSVR
1503,GAEAANVTGPGGVPVQGSK
1504,LQTQPGYANTLR
1505,DLDDTLR
1506,VEFNYC+57.021C+57.021LQGSNK
1507,ESTSDPTEATAVGAVEASFK
1508,EKGYYLDVYK
1509,LALQGPEDSSPR
1510,WYSELK
1511,QSHVSTLK
1512,VGAALSELR
1513,GGSSGGGYGSGGGSSSY
1514,SPEVLSGGEDVQR
1515,NVAAAVAATTAAPAAGAAPAK
1516,VLSTGGVENVEAR
1517,AAPGEASQGDLTLFR
1518,TEEGPTLSYGR
1519,GFNC+57.021ESKPEPEETC+57.021FDK
1520,TELNTAADSDQPLDK
1521,ATEEPGSEEVESAVK
1522,GETASTTSEQTEVAAR
1523,GFNC+57.021ESKPEPEETC+57.021FDK
1524,LQEGLEAGTPAPGEK
1525,EDQTEYLEER
1526,MVDC+57.021TC+57.021LGEGDGR
1527,LNEELVQK
1528,TEQTPGLHFGGN
1529,EDVASAVVVAGQK
1530,DYDESVEQDGDEPGPQR
1531,KLGVDEEDEELLTESSK
1532,VLEEVC+57.021ASSGQPAAR
1533,RLEFEDLQNLLTESSK
1534,PGFSLADK
1535,AGEANQVGYLYPLEK
1536,LTAQFVAR
1537,ASASDGSSFVVAR
1538,YDNGLYVQDGDEPGPGAR
1539,DNLQGLTKPALR
1540,EGNGTVMGAELR
1541,LPVQLQR
1542,LGLGENTYYK
1543,SGDGLDRVQSDMK
1544,C+57.021TLLASGQLDDAR
1545,EHELAGGFLDC+57.021TC+57.021LGEGDGR
1546,QFGDSNANFPSFVM+15.995
1547,LLSGEDVGQDETQR
1548,LQGLTKPALR
1549,GFC+57.021DWDNLQGLTGKPALR
1550,ALYQLAQK
1551,KSLDETVFSK
1552,QGLTKPALR
1553,EAQQYSEALASTR
1554,YDEAASYLQSK
1555,GQLEEQGELMEK
1556,KLYDLSLSK
1557,VSTDLLR
1558,ASASDGSSFVVAR
1559,DNLQGLTKPALR
1560,DQTPDENDQVLVK
1561,YPVSSLEAAR
1562,AEQEEYVQEGLR
1563,GTYADDC+57.021LVQR
1564,VAGPFVGNR
1565,DVVGSGPQPHV
1566,HQAVDLAVQAQTNLQ
1567,TAVASFDADSSPSVLYGGH
1568,SANLGGVVGHLER
1569,KLLVLEEPEPEDDSYGSR
1570,ELDDATEANEGLSR
1571,TYDPSGDSTLPTC+57.021SK
1572,TAAYQPQATSDANKPYGH
1573,KSDDDGSDYR
1574,FLYDGNADR
1575,TLGEC+57.021GFTSQTAR
1576,QGLTKPALR
1577,NAASQQDAVTEGAMPAATGK
1578,M+15.995VDLHAVVTEGAMPAATGK
1579,QGLETPEEPMDLR
1580,NTGVLLANDANADR
1581,EEQMDGTVTLK
1582,GAAQNLLGDLLER
1583,QVDALPQTESGPPLR
1584,DSSYWMDSRPR
1585,TAEQLQAGMLK
1586,GGELVYTDTEAR
1587,HTDPANPTYLLSAVR
1588,YTTPEDATPGAPEGDPR
1589,EQQPSEPPPPPSAAVK
1590,EGEFLC+57.021LEDDESSAENR
1591,QLTDLFGGVQLTK
1592,ASASDGSSFVVAR
1593,SSSVGSSSSYPLSSAGPR
1594,DNLQGLTKPALR
1595,FSNLASAQTEEDR
1596,YPYSC+57.021TSNGGK
1597,M+15.995LSQPPVLTENMPAAGTK
1598,QAVTTPPGSTFYATK
1599,ELESEEQNLVTK
1600,N+0.984ASFGLGEDSYK
1601,GN+0.984GNC+57.021GAC+57.021NVQEELGR
1602,EASDPQPEDVDNLK
1603,LMDVMAK
1604,FAEYADLK
1605,FADLSEAQGR
1606,LNVYYNEAAGNK
1607,N+0.984GGLFSRPR
1608,QLSYQGDK
1609,KTGLTLAEYFR
1610,ELDDATEANEGLSR
1611,AQAELEAQELQR
1612,LLSTDAEAVSTR
1613,EMEESAPC+57.021VSFYQGPPK
1614,VGSSEFYVVDKDKDNGH
1615,TYDPSGDSTLPTSC+57.021K
1616,STAEQEAEELEK
1617,DMNHTNSYGLLR
1618,QDGHLWC+57.021STTSNYEQDQK
1619,EDQSLLC+57.021TGESGAGK
1620,MNLEGGNQEESQK
1621,ALELPLLLETAEELQER
1622,GAAQNLLLESALR
1623,GFGFGGVSKPDPEETC+57.021FDK
1624,FDPYEEDSRPR
1625,LVAEGNLYSDK
1626,TEALGLEALADELLNAPK
1627,TEEATEGMEEAVSSK
1628,NYVPEDEDLK
1629,YAYLGLVDASTSSAYEQDQK
1630,NLC+57.021SDDWLER
1631,QALLQHEYLEQETK
1632,VVVDSEYR
1633,LVGLQYK
1634,DNLQGLTKPALR
1635,EDLEMYNLK
1636,QAVDVSPLR
1637,EQLLLSGDGDSR
1638,QVTDVQDNSLSVR
1639,TSWLHR
1640,FADLSEAANR
1641,SNEDQSM+15.995GNWQLR
1642,LQAQSLSSVGPR
1643,ELAEQTLNNVK
1644,VSLSEGDDKLEYR
1645,STPSSGDVQVTEDAVR
1646,TGAALNQNLSDALANAEK
1647,C+57.021EWNSQPLEC+57.021
1648,QDGHLWC+57.021STTSNYEQDQK
1649,EDQSLLC+57.021TGESGAGK
1650,GFM+15.995VQTGDPTSQR
1651,LETLEVM+15.995EDR
1652,LNSVPFR
1653,LM+15.995DLLQK
1654,EVGEETKEEFTATEEALDEETK
1655,VLERDLVGLDDFR
1656,AFGPGLQGGNAGSPAR
1657,FLTDNTVEER
1658,DQVASNAFLDR
1659,TGETQSGPTWLGEK
1660,ELVNYGANVNAQSQK
1661,LQEPEDLNVESPPQQDPK
1662,LQEQSQLLQLPQGNVDPK
1663,GYSEFEAAAASGDSHGDLH
1664,DNLQGLTKPALR
1665,LSPNPEELSTK
1666,DNASTMFDVDTK
1667,C+57.021QC+57.021C+57.021N+0.984GVEANYLK
1668,DDVLTAVAGVVDSGQC+57.021HPEEK
1669,SAEQFADDSANTER
1670,ASDAEADVASLNR
1671,LFHNLFNYNK
1672,LATANNKVLGNPK
1673,TPNPANQSMYWK
1674,NTDQYVTDLPEDSESK
1675,KGFAGDALFSK
1676,WGTWDTNGNEELQNAH
1677,DDVVLFAPETARDQPHADEK
1678,TFVSGAC+57.021DASLK
1679,VSLSEGGAENKDYR
1680,EPEVADESNNNWAAAAGK
1681,EVDYSDSLTEK
1682,QDYLDYSDSGK
1683,ASASDGSSFVVAR
1684,QDGHLWC+57.021STTSNYEQDQK
1685,LTDEEELNDYK
1686,VSSPLPTVSGQETSSR
1687,ELEQLDM+15.995ETK
1688,ALEQQVEEMK
1689,ELPQAAQPGYETLLEDAAR
1690,DEGQHLEC+57.021FLC+57.021NR
1691,GNLLPLADMK
1692,VVDSLDEDLQK
1693,SLTSVSPPSSENLR
1694,KFDQLLAEEK
1695,GNMDMTC+57.021LGGLDR
1696,SENVEGTPAEDQEPGSLR
1697,DVLEGVEVLH
1698,GLEGGEGKYEMR
1699,RALSTSNAGLGSASSANLDAAR
1700,VAPFM+15.995ER
1701,FPDENFK
1702,PVDLNVLDAEK
1703,AVSSTSLGLAEGMPVDEGR
1704,TAVSAGDEPAEDGAEPGSLR
1705,TEDPC+57.021VYSSTGLK
1706,VQFASQELAEK
1707,DDVVTEDFFDKPSYSADEK
1708,C+57.021QC+57.021GTDGVEAGGYLK
1709,VEGELEEMER
1710,PC+57.021EADLNDLER
1711,NQYSESSYEDSELER
1712,FYEDNGQLDDAR
1713,AYPYSQLGDDK
1714,SQEEEQSVNQSLADK
1715,TPNPAYLDQFDK
1716,DNLQGLTKPALR
1717,NNNFGGLEELDR
1718,AKPAVDLYLDTK
1719,EDPQEEGFDYNEEQR
1720,TYDQPSGNLFK
1721,SPVENVQAAQAGALR
1722,AAVELEEPEDAR
1723,VVC+57.021LPC+57.021PGNC+57.021GLPNAEC+57.021R
1724,EATLSSDSLDDEAQ
1725,ALGQNPTNAEVLK
1726,SETLLSPPPEK
1727,ALATSSER
1728,SGSDVTM+15.995QNLNDR
1729,ALEESNYELEGK
1730,EADTEGSVEFR
1731,NVTSVTSLTTQGAR
1732,LGEPLPTVC+57.021SSSLGGR
1733,KAEASGLGSGEETAEEAK
1734,YQAVTATLEEK
1735,ELPGAPDDEAVR
1736,AGC+57.021LPDAAPAH
1737,ESSEDTEVPLPNK
1738,EFC+57.021ENLSGEC+57.021R
1739,YLLANATNPESK
1740,EEAEGGAPDNLEAYR
1741,NQGGSSWEAPYSR
1742,ALGNLVTSADEQSAAK
1743,LAPASGLFR
1744,EALEPEAAASESLQK
1745,AEDEKWLPVTK
1746,VNDLFER
1747,NAPGAEPPAVYPGEAPK
1748,AAVELEEPEDAR
1749,C+57.021QPVC+57.021AM+15.995AGTTVGPVGEASEEK
1750,ALGQNPTNAEVLK
1751,LLAEGHPDPDAEQLR
1752,NSVAYMDQQTGNLK
1753,SETLLSPPPEK
1754,AAGATVGTAVY
1755,DYELYK
1756,VAELNPDEQC+57.021VR
1757,LAVYLDK
1758,EGYVLQATC+57.021ER
1759,QEASDDDMEGDEAVVR
1760,LTGYLLK
1761,YQAVTATLEEK
1762,EMEESNPC+57.021VPSGDQGPPK
1763,LEELEEELEEEELELEEAGEEEEK
1764,NDFTEEEEAQVR
1765,ELQTAVR
1766,STC+57.021AQDGNVDGNPLQPGGK
1767,SEAYYELVQK
1768,EEDNVVLSM+15.995DDNR
1769,NPFDEC+57.021YDEHGYLTR
1770,ELLSNSSDALDK
1771,LTVPSSPFGGTER
1772,QPPLQSTAQVPVR
1773,EDLNALEMEEDKR
1774,ESASVLQQSSSLSGSR
1775,VNDLFER
1776,LSVYYNEATGGK
1777,EAEQYSEALATSR
1778,LSSC+57.021YLSPDTNC+57.021K
1779,SNSLLSLK
1780,QVDALPADGTQPVQR
1781,YLEC+57.021SALTQR
1782,AGDLVFAK
1783,EAAFDDAVEER
1784,GAGLEMFR
1785,WPRDGQEPVTEGVEQGADGQGGAGEQGR
1786,DNLQ+0.984GLTKPLAR
1787,N+0.984GELVAGYMEPTEK
1788,EEYQLAQVEQK
1789,DNLQ+0.984GLTKPALR
1790,LTLPVLLDYR
1791,LGDLYDGNM+15.995DR
1792,QGQGQLVTC+57.021SQFK
1793,SVGSGNLPDPDQALER
1794,GREELQQAVEDSDEEALDEETK
1795,MGLVMDR
1796,VLLATENDYC+57.021K
1797,ELLQQVDTSTR
1798,GPEVVDAVVGGETR
1799,EVSLM+15.995EGSLVPR
1800,C+57.021C+57.021LTEEETNKPEDK
1801,EEEEFEEEEEEEELEEAGEEEEK
1802,LYYDSEGYSK
1803,ENPVGLSVPAPK
1804,EKPDGELGLLK
1805,EASNLVLQADR
1806,TPAPVAALSEEER
1807,EEGDPLLGRPNK
1808,STELLLR
1809,QPPLQSTAGAVPVR
1810,TGQLFLK
1811,M+15.995QGQEAVLASMSR
1812,SFDSC+57.021NLLR
1813,LDWTTPDGHPAAAGTPGR
1814,LEESNSLGQDQTLTER
1815,KLMEDQLLMEDQNC+57.021K
1816,VDNSDEHLFC+57.021DQNC+57.021K
1817,PRDYENTTLMEMDGGDDGEGGAGEQGR
1818,LWDPDGLGVYC+57.021LQPGR
1819,LGDLYEEEM+15.995R
1820,NMDVSVSLSGWTPSN
1821,TMSGAQEEDAFHR
1822,DSVSGAEVGTNAYATTK
1823,APFDLSM+15.995TSGLM+15.995R
1824,EGN+0.984GTVMGAELR
1825,AEYFDGSEPVQNR
1826,DDEELLHNPSNVVSK
1827,AETQPQQQQQPAADEAAPK
1828,TALLNSTGEEVAM+15.995R
1829,EMEESQPC+57.021VPGSGADGPPK
1830,AALVEC+57.021NAVVGAGVF
1831,SQGELLENYER
1832,VEPGLGADQASLR
1833,QSVEADLN+0.984GLR
1834,GVTC+57.021VTMNPVEQK
1835,DLDLSSER
1836,VQFASQELAEK
1837,C+57.021C+57.021LTYC+57.021FNKPEDK
1838,N+0.984C+57.021FMAQR
1839,DGALEQEELR
1840,FGGEVDASTDAK
1841,EVFGDDSELSK
1842,TAPAAVAAPVELLLEGGAEER
1843,STELLLR
1844,TGQLFLK
1845,LPEQGNWLNSASAPQGEVQTR
1846,LWDPTPSSHPAAAGTPGR
1847,VAPQEEDSASEAGTPQGEVQTR
1848,LEELDQLLMEDQNC+57.021K
1849,EPTVEDSDEEALDEETK
1850,KDLETNADLFLSLDMAGNGEGGAGEQGR
1851,C+57.021VSVQTDPTDEVPTK
1852,WLYETSK
1853,DNLQGLTKPALR
1854,VYQGC+57.021SGNGYER
1855,ENLNDEPPEGMTR
1856,LGDLYDEEM+15.995R
1857,TTEGDSSNPSLPSGDQGPPK
1858,ELEDATETADAMNR
1859,QLLC+57.021AYHTLGAGGGTPGR
1860,TGEDEDEEDNDALLK
1861,DC+57.021GSLSYGNEDALK
1862,VAADQFLLDGHR
1863,EGTTLEQSLEANK
1864,C+57.021C+57.021EEWVC+57.021DEPK
1865,DVYEELAR
1866,EGAPLEPDPPSVH
1867,VSVADFSAEADETR
1868,EMEESNPC+57.021VPGSDGAGPPK
1869,QAQQERDELADELANSSGK
1870,ALEQQVEEMR
1871,DTNFGTNC+57.021LC+57.021R
1872,VQEALDNELPK
1873,DYALELDPTK
1874,GAVNTAPTAPASAAEPK
1875,LLAAWSDKPGTK
1876,C+57.021GFQDDVAYGK
1877,SSGGGSFSSGGLSSGSSASSVTVTR
1878,GSLDKNWLNSASAPQGEVQTR
1879,LWDPTPSHQHFLPSR
1880,ASQGWEDGAGEQLR
1881,YSQVLGQGLDNK
1882,SDEEVYQMGDVQSK
1883,SVEVN+0.984GSQMMASGPSK
1884,LSEEDADYALK
1885,GSSSSSYQDSEVTSPPR
1886,FYEDN+0.984GQLDDAR
1887,QSVEADLN+0.984GLR
1888,LSGETVLDELEEAC+57.021EGC+57.021YR
1889,WLYDTSK
1890,MC+57.021TGVLSAGVPPGPELVEEESG
1891,NC+57.021VLDSAQSAAGSYESAVLAK
1892,DTANVDNLLYDTSK
1893,DSPLETM+15.995PSEEVPTK
1894,M+15.995PELLTSVDLEEETAQEK
1895,AYDC+57.021EATTPPLLEGNQAGDTAQTR
1896,AC+57.021LGGTNVGEDLR
1897,C+57.021C+57.021EEWVC+57.021DEPK
1898,EGAPLEPDPPVSH
1899,AVANQDGSLLYK
1900,LMSPTLEDQER
1901,GSRGGSLSGGGYGGSGGGLAGGSSGK
1902,SNTDGEPYAAVC+57.021LQPGR
1903,AGQQM+15.995VELAENGK
1904,EQQLVLQSSGGLSK
1905,DTDSQVSENPPLEGDLNGDATASAR
1906,SVMQEGAAPLPR
1907,QVFM+15.995GGDLAEQLPK
1908,LAN+0.984GYDYLNPPLEGNQAGDTAASAR
1909,NLSYTSSEEDLEK
1910,LGLTAGLR
1911,LLEGEEDVLLLTGESGAGK
1912,GYQPC+57.021DPQVNLER
1913,LLDLDRDDGNPDAAPGGK
1914,GEATVDAYDPPASK
1915,NVPAAFGQPGR
1916,SNLNSNNFLLLTGESGAGK
1917,EAELTQLEPTGR
1918,TVAALQQALNAEENVK
1919,TVLSAESEEQVR
1920,QSVEADLN+0.984GLR
1921,QWQPDTEENFDSNKDVTLR
1922,ASALMSEQPQLVAR
1923,M+15.995GPSMGPALNALER
1924,EAPADEDLDTLK
1925,SEGSLSTVNANPPLEGNQAGDTAASAR
1926,ELEAELEDER
1927,LEGGDGEEEEDLADSGR
1928,LLLDYGNVTSK
1929,YLEC+57.021AEC+57.021TSLDQSC+57.021ER
1930,LSSEGGTWEEPSKPDTN+0.984GSNE
1931,ELLQQVDTSTR
1932,GAEAANVTGPDGVPVESGR
1933,NTVSESWVDTWQTFR
1934,M+15.995SVEADLN+0.984GLR
1935,VVVC+57.021DNGTGFVK
1936,TTGLVMDSGDGVTH
1937,LAAELAQN+0.984QVGER
1938,AGAADQQPDLDDN+0.984GLAR
1939,GNNVLYLSTQK
1940,FGPYESYDSR
1941,GLSQQC+57.021YDDLR
1942,LTDLSVTDPEK
1943,DSSSLSSPLNPK
1944,VSPVEGLPAYTK
1945,ALEEANADLEVK
1946,ELAQNYLTDLR
1947,QQLQSLQQSLER
1948,DMGLNYLN+0.984APR
1949,QEEVYSELQAR
1950,LMADNPSWDGEK
1951,KVEGSGEPFEEVVEK
1952,QTVEADVN+0.984GLR
1953,TSSVVFQWESFEDVTEVNKK
1954,VAVDPVVTEQPSTSSATK
1955,FWEENASQSSLK
1956,LGDLYEEM+15.995DR
1957,N+0.984DLEGEVTEEC+57.021GK
1958,LM+15.995NADLALQGDK
1959,ALGQNPTN+0.984AEVLK
1960,GYLSGESFTLK
1961,LAQTEQGDLFK
1962,SGGTTMYPGLADR
1963,LLGNYNNVTSK
1964,LGAPGRPM+15.995GGPPGDRPR
1965,SGGATEELLTEK
1966,LLQNPQDGFSR
1967,FYEDDNALDDAR
1968,SGGGGYLQPALYDPTR
1969,ELYGGVTGPDGVPLDSGR
1970,QQAAQAADAVYYC+57.021K
1971,GAEMNSVMLGGR
1972,M+15.995EDGVGC+57.021LETAEEAK
1973,LEASGVPPPSQPY
1974,ELLQGNMETLK
1975,LGALDSGNVLTPQ
1976,DFDNLYLR
1977,ATQYNEFLPK
1978,AAPAAC+57.021FAGPPAAPAK
1979,TPPSLNAQAC+57.021LTK
1980,VKPLQPDEMLFGK
1981,QQLQSLQQSLER
1982,GDTDLESVHEEEQEEEVSEG
1983,MQM+15.995LN+0.984GDSLPK
1984,LMADNPSAEDGEK
1985,VKEEAEPFEEVVEK
1986,QQQLLNEEQVR
1987,LVMEEAAFEEK
1988,VLSASPEALDSAENR
1989,SLYSSSPDAFDQK
1990,VEPQATLSELK
1991,QEEKENAESSDEPAEQTSES
1992,APNFEAELFM+15.995C+57.021GNLTK
1993,TDYNASVSVPDSSGPER
1994,QPGEEDC+57.021ELLDEDK
1995,QLSVEPYSQEEAER
1996,LGGGVLSLGGVLPH
1997,YSQVLDAGLDNK
1998,QPC+57.021PSDC+57.021ELLDEDK
1999,TC+57.021TTVAFTQVNSEDK
2000,VDSLTTDHYENEELLVK
2001,ASTQLVGTSTDELR
2002,LSQVSDSVSGQTVVDPK
2003,AQQALAGLPQSPVAVSQSK
2004,DQTPDENLDLLEK
2005,QAQQLVQPGASPVAVSQSK
2006,LVPDSQPATPAVNVSR
2007,EGSGSSTAVPEASPLEEPAE
2008,GGSDDNVFVGAPTGSGK
2009,ELQAPAPTDLR
2010,QFDAGTVNYEQPTK
2011,QFEGDLDPLR
2012,ATLLDVMPH
2013,QGEEEDAELLVK
2014,QQLQVNVMSLER
2015,TAAVTDFC+57.021LQPGR
2016,NLSKDDAFDC+57.021GNVAK
2017,TYADYDSVNEFC+57.021EGVC+57.021K
2018,NSGGEPNVYTLSR
2019,SLYSSSPGQYVTR
2020,C+57.021LVTTTHFR
2021,VTLVFHQGQPTN+0.984DLTQ
2022,GVSSMEEGSFEEAR
2023,GGQGGENSEGSFWNLVGYNNK
2024,NYGYNLEELTFGQTK
2025,VDFSLTK
2026,FGPALSVK
2027,TLQVLLGEGER
2028,DVNLASSNSSSPSK
2029,ETLFSDDVEEFAPPK
2030,QLSVEGGEREEFDR
2031,QVVSGVC+57.021K
2032,EELSEEGYLAK
2033,VVNVETTANQEQAEDER
2034,GAAVQAALLSGDK
2035,ELNNVC+57.021EPVVTQPK
2036,YPLVVC+57.021EQR
2037,VQMLLSDR
2038,QAAQLAGLPQSPVAVSQSK
2039,LSQVSDSVSGQTVVDPK
2040,ESC+57.021LMLSGESGAGK
2041,QAQQLVQPQSPVAVSQSK
2042,TYNC+57.021EFDDLEVK
2043,C+57.021LVQTTSWSQC+57.021SK
2044,VVEAYTPNDEVLVLVGYNNK
2045,LLLDGDGAGDDR
2046,EEAESTLQSFR
2047,LLALGSGPNR
