Score	Correct	True Sequence	Predicted Sequence
0.9922577010260688	1	LLDPC+57.021LYRV	LLDPC+57.021LYRV
0.9922479391098022	1	LMLEALERV	LMLEALERV
0.9921734664175246	1	LPPLATHTL	LPPLATHTL
0.9921277463436128	1	DPYLLPHL	DPYLLPHL
0.9921094311608208	1	ERLKELLRA	ERLKELLRA
0.9919747975137498	1	QETDVRAQL	QETDVRAQL
0.9918435878223844	1	KVLDELYRV	KVLDELYRV
0.9917882548438178	1	NHYVLYKAV	NHYVLYKAV
0.991753359635671	1	HLDKLSDSV	HLDKLSDSV
0.9916058513853284	1	LLDLLQTKV	LLDLLQTKV
0.9915354326367378	1	DPLELHTL	DPLELHTL
0.9915263255437216	1	VRALPLLRV	VRALPLLRV
0.9914972457018766	1	ALYNDLSHM+15.995KL	ALYNDLSHM+15.995KL
0.9914731714460584	1	RLLPQVDSV	RLLPQVDSV
0.9914512932300568	1	LLYGPLTRLL	LLYGPLTRLL
0.9914169245296054	1	ALLTRVQEL	ALLTRVQEL
0.9914047320683798	1	FPNLHPPQL	FPNLHPPQL
0.991324447095394	1	NPYLVRM+15.995L	NPYLVRM+15.995L
0.9912785821490816	1	QLLRNLEEV	QLLRNLEEV
0.991274078687032	1	RPTTRLVTL	RPTTRLVTL
0.991272058751848	1	TLM+15.995DLSTKA	TLM+15.995DLSTKA
0.991236792670356	1	LLLNSTQSV	LLLNSTQSV
0.9911980032920836	1	DPYASGKL	DPYASGKL
0.9911431968212128	1	VPFLTEHL	VPFLTEHL
0.9910799860954284	1	LLASYVHYV	LLASYVHYV
0.991075767411126	1	ALLGDLTKA	ALLGDLTKA
0.9910754892561172	1	RTTDLVLRL	RTTDLVLRL
0.9910746547910902	1	KLQESVKEL	KLQESVKEL
0.9910570532083512	1	DSVEKLLV	DSVEKLLV
0.9909771217240227	1	EHSKLLAKV	EHSKLLAKV
0.9909762408998276	1	SSNDRVLAL	SSNDRVLAL
0.990927431318495	1	LTAPPTVRV	LTAPPTVRV
0.990914073255327	1	SESAAVKEL	SESAAVKEL
0.990883105330997	1	KLSSKLSAV	KLSSKLSAV
0.990815606382158	1	TLNDLM+15.995TRV	TLNDLM+15.995TRV
0.9907362759113312	1	LPWVQKPL	LPWVQKPL
0.990718834929996	1	LM+15.995VKQPLSL	LM+15.995VKQPLSL
0.9905630151430764	1	SYLDNFLKL	SYLDNFLKL
0.9904053343666924	1	KEKLLFSEL	KEKLLFSEL
0.9903402253985404	1	VDLTLPKV	VDLTLPKV
0.9902368386586508	1	LKEVDLYTV	LKEVDLYTV
0.990217387676239	1	LPAPPHLDV	LPAPPHLDV
0.9902012546857198	1	FEVLSSKEL	FEVLSSKEL
0.9901974731021456	1	AENESM+15.995AKL	AENESM+15.995AKL
0.990103043615818	1	LLPALVHL	LLPALVHL
0.990060532093048	1	YPDGSKPVKV	YPDGSKPVKV
0.9899276693662008	1	RDYELKKAA	RDYELKKAA
0.9898532032966614	1	ETYENARKV	ETYENARKV
0.9897608492109512	1	PNQSLANKL	PNQSLANKL
0.9897370263934137	1	HALVLLRL	HALVLLRL
0.98963862657547	1	NEVNPKQEL	NEVNPKQEL
0.9895202192393217	1	EFSETESM+15.995LKL	EFSETESM+15.995LKL
0.9894505962729454	1	FALGLLKL	FALGLLKL
0.9893569416469998	1	ALDDSRFQL	ALDDSRFQL
0.9892195910215378	1	DPVLLSKL	DPVLLSKL
0.9890561766094632	1	LPALKLNKV	LPALKLNKV
0.9889229337374368	1	FLDESVVKV	FLDESVVKV
0.9888992110888164	0	PSLSQLELL	SPLSQLELL
0.9887543246150016	1	DPYKPLDL	DPYKPLDL
0.988638150691986	1	KVVTHPFKTL	KVVTHPFKTL
0.9884988731808132	1	KLLLDREVV	KLLLDREVV
0.9884011480543348	1	LPLQDVYKL	LPLQDVYKL
0.9883872649886392	1	QELQLKEAKHL	QELQLKEAKHL
0.9882458746433258	1	M+15.995PLLLSKL	M+15.995PLLLSKL
0.9882088568475512	1	EHSRQLNDL	EHSRQLNDL
0.988186039030552	1	FSFDGPEL	FSFDGPEL
0.9881845447752212	1	FVNELLSRL	FVNELLSRL
0.9880624175071716	1	LYTEVTRYLL	LYTEVTRYLL
0.9880251420868768	1	LPQLNSKAV	LPQLNSKAV
0.9880032142003378	1	DHSSALQNL	DHSSALQNL
0.9880031868815422	1	PFAFLHKL	PFAFLHKL
0.9879832168420156	1	VYTGC+57.021AKSLPNL	VYTGC+57.021AKSLPNL
0.9879700270566072	1	KLFSENDLFEL	KLFSENDLFEL
0.9879397600889206	1	VPYPLPKL	VPYPLPKL
0.9876527607440948	1	APASKLVM+15.995GL	APASKLVM+15.995GL
0.98753821849823	1	VYLGKLNM+15.995L	VYLGKLNM+15.995L
0.9873399659991264	1	FEVLLTRL	FEVLLTRL
0.9872811436653136	1	GQLKSLTL	GQLKSLTL
0.9872615039348602	1	KLVSLGVNAV	KLVSLGVNAV
0.9872401224242316	1	KLLPETVTL	KLLPETVTL
0.9871396243572236	1	AETYVEGQRL	AETYVEGQRL
0.9871310219168664	1	YLEDVRLV	YLEDVRLV
0.9868940785527228	1	YLEKALKL	YLEKALKL
0.9868498519062996	1	ALGLLYHV	ALGLLYHV
0.9866588532924652	1	REAERLVRQA	REAERLVRQA
0.986580602824688	1	EEVVSREV	EEVVSREV
0.9863962862226698	1	LSLENLEKL	LSLENLEKL
0.986332231760025	1	NPFEKGDLYL	NPFEKGDLYL
0.9862528774473402	1	EPDLRVTSV	EPDLRVTSV
0.9860336250729032	1	ANADLEVKL	ANADLEVKL
0.985738642513752	1	HLGKPPEV	HLGKPPEV
0.9857190251350404	1	AYLMKFHNV	AYLMKFHNV
0.9856827780604362	1	ALGTVTNV	ALGTVTNV
0.9856271296739578	1	LM+15.995PDDFKA	LM+15.995PDDFKA
0.9853299922413296	1	YM+15.995GQSLHQV	YM+15.995GQSLHQV
0.985322568151686	1	AELQEKKEL	AELQEKKEL
0.9848150983452796	1	YALEVEKL	YALEVEKL
0.984383980433146	1	LLKDFALTL	LLKDFALTL
0.984061168299781	1	LDSLRVLTV	LDSLRVLTV
0.9839493367407056	1	KLLGVLFEV	KLLGVLFEV
0.9838700998913158	1	RAFDQKLLFTV	RAFDQKLLFTV
0.9833316405614216	1	C+57.021LYGNVEKV	C+57.021LYGNVEKV
0.983259936173757	1	RPKPESQGL	RPKPESQGL
0.9831370380189683	1	KVSEQVKNV	KVSEQVKNV
0.9829506695270538	1	EHQQFLTFLL	EHQQFLTFLL
0.982663651307424	1	RLQQTQAQV	RLQQTQAQV
0.98237011830012	1	DHQLEVLLL	DHQLEVLLL
0.9823503891626992	1	VVAGM+15.995LRWV	VVAGM+15.995LRWV
0.9822817206382752	1	YLLPLLQRLL	YLLPLLQRLL
0.9818003310097588	1	YEVVDKDSL	YEVVDKDSL
0.9813468986087376	1	QQPPVQPQV	QQPPVQPQV
0.9813174141777886	1	LLLDPKLNV	LLLDPKLNV
0.9812369545300802	1	KVLPGVDALSNL	KVLPGVDALSNL
0.9810765518082512	1	KYPLLLQSL	KYPLLLQSL
0.981037898497148	1	RYLHNFQGKEL	RYLHNFQGKEL
0.980628840625286	1	EQLLM+15.995VKL	EQLLM+15.995VKL
0.9804943137698704	1	FAFRYVTTL	FAFRYVTTL
0.9804345766703289	1	ALVSDLETL	ALVSDLETL
0.980420364273919	1	TESPLVKAL	TESPLVKAL
0.9803323596715928	1	APPTLRPL	APPTLRPL
0.9802866710556878	1	KESGVDLAA	KESGVDLAA
0.9799247600815512	1	SM+15.995LVNNLLKPL	SM+15.995LVNNLLKPL
0.9799131883515252	1	AENVPVEQL	AENVPVEQL
0.9797236455811394	1	LPLHSQQQV	LPLHSQQQV
0.9797026779916552	1	SEVHSPPNV	SEVHSPPNV
0.9793401896953584	1	EHM+15.995KELVVLL	EHM+15.995KELVVLL
0.9788720938894484	1	NHLGALPNL	NHLGALPNL
0.9788563549518584	1	YPYTPQFKVFTV	YPYTPQFKVFTV
0.9787314997779	1	KPLPPHLAL	KPLPPHLAL
0.9783852895100912	1	GLTDLRTLV	GLTDLRTLV
0.9782273545861244	0	HDLNAQM+15.995V	DHLNAQM+15.995V
0.9780846779996698	1	LLLDEEGHLKL	LLLDEEGHLKL
0.9780612389246622	1	RPTARLNSL	RPTARLNSL
0.9778272455388848	1	YVAFTDTERLL	YVAFTDTERLL
0.977792183558146	1	FSDPFSTEV	FSDPFSTEV
0.9775390095180936	1	KM+15.995SSAVGFV	KM+15.995SSAVGFV
0.977535280916426	1	LENLKLLEL	LENLKLLEL
0.9769859115282694	1	DLGLRLVEL	DLGLRLVEL
0.976169504225254	1	LPHPGLKV	LPHPGLKV
0.9761527180671692	0	YPRNPTEQGNL	YYRNPTEQGNL
0.9752869341108534	1	VLLSLYPRV	VLLSLYPRV
0.9742313027381896	1	SENGLPAVTL	SENGLPAVTL
0.9723581552505494	1	EVGDLVVGRL	EVGDLVVGRL
0.9723058342933656	1	LPAPNTATVV	LPAPNTATVV
0.972298194061626	1	YM+15.995FEYPEYQKL	YM+15.995FEYPEYQKL
0.9715829028023614	1	RYTLVQQQL	RYTLVQQQL
0.9715006730773232	1	RPREPTNTLQL	RPREPTNTLQL
0.9709816575050354	1	EEFPAFPRA	EEFPAFPRA
0.9707192381223044	1	SPERPFLAL	SPERPFLAL
0.9702290561464098	1	TRGKFLLSL	TRGKFLLSL
0.9701355430814956	1	ARNFYENLL	ARNFYENLL
0.969900177584754	1	KEYLALQKA	KEYLALQKA
0.9688948772170328	1	M+15.995LSEAARFQYL	M+15.995LSEAARFQYL
0.968139696121216	0	HPFEDGAKLRL	HPFEDQKLRL
0.9675163825352988	1	SSHSGSFQL	SSHSGSFQL
0.9671710199779936	1	RRGLPRLAV	RRGLPRLAV
0.9662407437960306	1	LPLPTKLLV	LPLPTKLLV
0.9655823924324728	0	FM+15.995DKLGENLKL	FFDKLGENLKL
0.9654956791136	1	ALTELLAKL	ALTELLAKL
0.9654294908046722	1	GLLSNPQAHV	GLLSNPQAHV
0.9641125069724188	1	AEYLLLHLL	AEYLLLHLL
0.9638341143727304	1	TPPTAQVV	TPPTAQVV
0.9637944300969442	1	ALLEQKLDL	ALLEQKLDL
0.9637548062536452	1	KVGEFFSHV	KVGEFFSHV
0.9633107855916024	0	VPFSGLNL	VPFSGLNV
0.9632945656776428	1	AEQRVPLSV	AEQRVPLSV
0.9629590077833696	1	GRFESEDLTSL	GRFESEDLTSL
0.9629415652968668	1	DAYLQSLAKKL	DAYLQSLAKKL
0.9618758492999606	1	VENM+15.995KFTVV	VENM+15.995KFTVV
0.9612938099437288	1	KLLEKEVKL	KLLEKEVKL
0.9611528449588352	1	TYTVKLVAL	TYTVKLVAL
0.9610966660759666	0	SMLVNNLLKPL	AM+15.995LVNNLLKPL
0.9600703343749046	1	SELESVKL	SELESVKL
0.9600620323961432	1	VPRNPEENEAL	VPRNPEENEAL
0.9596549603674148	0	LSLKQAPLV	LSLKNAPLV
0.9595847659640842	0	PLVHSRLSL	LPVHSRLSL
0.9591738104820252	0	GELQELVKTL	DALQELVKTL
0.957906444867452	0	RRGLPVVRL	RPGLPVVRL
0.9574309123886956	1	SQTGFVVLV	SQTGFVVLV
0.9566348642110823	1	ENLGALQV	ENLGALQV
0.9551770786444346	0	DLSSDAPGVPRL	DLSSDAPGVPLL
0.9547688886523248	1	FQTELQTV	FQTELQTV
0.9540724605321884	1	GKLVLFQSKPEL	GKLVLFQSKPEL
0.953951433300972	1	KTDPSLLGGM+15.995LV	KTDPSLLGGM+15.995LV
0.9533444576793246	0	VFHTTVNFL	NFHTTVNFL
0.953179399172465	1	TELADARRA	TELADARRA
0.9528349041938782	1	YLSSVLTTL	YLSSVLTTL
0.95276673634847	0	GLAKVKVM+15.995V	GAAKVKVM+15.995V
0.9525685250759124	1	VYVPVPKQTL	VYVPVPKQTL
0.9517780012554592	1	AEWRYDLQL	AEWRYDLQL
0.9517263637648689	1	LPRLESLDL	LPRLESLDL
0.9515487313270568	1	ETAC+57.021LGKAYA	ETAC+57.021LGKAYA
0.9505691040645946	0	KFLTHTSGKLL	KFKTHTSGKLL
0.9497079610824584	0	SQLKQQLQSL	SQLKQSLQSL
0.9495196714997292	0	PLANLSQL	LPANLSQL
0.9489441439509392	1	KELELLTL	KELELLTL
0.9487181425094604	0	FVQELNKSLL	FFQELNKSLL
0.9484888389706612	0	LAPVVKEL	ALPVVKEL
0.9484659358859062	1	VM+15.995GKLFAV	VM+15.995GKLFAV
0.9484316441747878	0	APAPTAVV	AAPAPTAVV
0.9480378892686632	1	LPAVSVTSV	LPAVSVTSV
0.9479945765601264	1	SLSADLETL	SLSADLETL
0.9477097034454346	1	FLHPFPSESV	FLHPFPSESV
0.9464612404505413	1	NAYRQVQEV	NAYRQVQEV
0.946338521109687	1	LNLDPSESL	LNLDPSESL
0.9456709399819374	1	SFDEAAKL	SFDEAAKL
0.944870604409112	0	SWKTTPYQL	YWKTTPYQL
0.9439261704683304	1	NPLPSQLV	NPLPSQLV
0.943249136209488	1	EALQLPVV	EALQLPVV
0.9414020702242852	1	LELLKLEL	LELLKLEL
0.9401395097374916	1	DPYSGKLL	DPYSGKLL
0.9400449991226196	0	TLLTKPVEL	TLLTKPLEL
0.9385884271727668	1	SPRFSPLTL	SPRFSPLTL
0.9383009672164916	1	RQVGKTLRL	RQVGKTLRL
0.9382957882351346	0	KVVNLVPVL	KVVNLVPVV
0.9380304863055547	1	LKLAAAEGELKL	LKLAAAEGELKL
0.9376387894153596	1	DLYKLREL	DLYKLREL
0.93661320871777	1	APVLFSHSA	APVLFSHSA
0.9363542132907444	1	AYLM+15.995KFHNV	AYLM+15.995KFHNV
0.9361550013224283	0	QARLKVLRA	QLRLKVLRA
0.9360497461424934	1	KLRELVQQV	KLRELVQQV
0.9344815584746274	0	KAFDRPSLFQL	KAFDRASLFQL
0.9334793554411994	0	VELEEGGVKV	VELEENVKV
0.9321071207523346	0	LFRTVLDSGL	FFRTVLDSGL
0.931876646147834	1	GLSEVLVQL	GLSEVLVQL
0.9313939544889662	0	DVKSSVSSV	DVKKSVSSV
0.9306233127911886	1	LLSQLVSSL	LLSQLVSSL
0.930555502573649	1	GDGVAKLSL	GDGVAKLSL
0.9303952389293246	0	VPVGRQPLL	VPGGRQPLL
0.9302746653556824	1	LPYHM+15.995PENKTL	LPYHM+15.995PENKTL
0.9302435666322708	0	SPPLLSYL	SPPLLSYY
0.9299320951104164	1	YPLQTFAL	YPLQTFAL
0.9295475006103516	0	ALPHALLRLL	ALPHALLLLL
0.9283036126030816	0	PHTNLPGSL	HPTNLPGSL
0.9280818303426108	0	KM+15.995EHLLLKV	KM+15.995M+15.995HLLLKV
0.9262336492538452	1	TELRELLTSL	TELRELLTSL
0.9256058136622112	1	AEAPEPSSA	AEAPEPSSA
0.924680623141202	0	LLKEVDNLYNL	LLGEVDNLYNL
0.9224195679028828	1	APAPVSEAV	APAPVSEAV
0.9220902994275092	1	EEVLVTEV	EEVLVTEV
0.9220739735497367	0	KLYGKPLRV	KLYGKPRLV
0.9214604364501106	0	YPLHKALKV	LM+15.995LHKALKV
0.9213774129748344	1	ADARMYGV	ADARMYGV
0.9204467336336772	1	M+15.995VM+15.995ETLEKL	M+15.995VM+15.995ETLEKL
0.9198638266987272	0	TRLQQLTNL	TRLLQLTNL
0.9188196435570716	1	LKRELATL	LKRELATL
0.9184724158710904	0	YPVVSAASL	YPVVSAASV
0.918396340476142	1	FPLTALREL	FPLTALREL
0.9181955522961088	1	GLHDGLQRV	GLHDGLQRV
0.9181730523705482	1	DGFTPLAV	DGFTPLAV
0.9172960763627832	1	AEELAKHGMKV	AEELAKHGMKV
0.9172286490599314	0	LRTRVVLRL	LRLRVVLRL
0.9162805014186436	1	AAKDPSPSV	AAKDPSPSV
0.9159446093771192	0	SASKLLVFV	SASKLLVFF
0.9153831005096436	1	LPYLPTLL	LPYLPTLL
0.9152559041976928	1	APTFVPSV	APTFVPSV
0.915211463967959	1	KFLDLPESPLLL	KFLDLPESPLLL
0.9147243036164178	0	DALKVTVGV	DELKVTVGV
0.913683901230494	0	APRPASGPLRPL	PARPASGPLRPL
0.9133432308832804	0	LPLDSENSL	LPLDSENSV
0.9128830830256144	1	SELLRHERL	SELLRHERL
0.9122539088129996	0	VRQLFGDYKTTL	RVQLFGDYKTTL
0.9119021892547609	0	VYPPTPTVL	VYPPTPTLV
0.9112451407644484	0	SLHTELNSV	LLHTELNSV
0.910821594297886	1	YVYFPSVL	YVYFPSVL
0.9103225337134468	0	LPVEGELTL	LPVEGELTT
0.9102009981870652	0	DALQGFKL	GALQGFKL
0.910002867380778	1	SAEGVGELLPSV	SAEGVGELLPSV
0.9089679287539588	1	LPSTSPSSV	LPSTSPSSV
0.9088539679845176	1	SLPQNFANV	SLPQNFANV
0.908715264664756	1	APLPGFSAV	APLPGFSAV
0.9081435567802854	0	AGLLEFLRPA	GLLEFLRPA
0.9071160674095152	0	EYLDRM+15.995LKL	EYYLDRM+15.995LKL
0.9066284082152628	0	QEVDPEGDRTL	QEVDPEGDRTT
0.9062724560499192	1	SQLQLLQV	SQLQLLQV
0.9055082400639852	1	NHSLALSVL	NHSLALSVL
0.905416414141655	1	YLDTVPEV	YLDTVPEV
0.90491184592247	0	TLLDSPYARV	TLLDSPSYRV
0.9045636892318726	0	LPSTSPSSVV	LPSTSPSSVL
0.902826103899214	1	LQPEHPREV	LQPEHPREV
0.9015242457389832	1	GRLEDTKLL	GRLEDTKLL
0.9004702717065811	0	SYLPDM+15.995SGRYTL	SYLPDM+15.995SLRYTL
0.900161623954773	0	YPLPEDPAL	YYLPEDPAL
0.9000557892852359	0	LPLDLTANL	LPLDLTANV
0.8999291956424713	1	SHFDDFVTNLL	SHFDDFVTNLL
0.8991667363378737	0	VEEPENPAA	DLEPENPAA
0.899165503680706	1	DPSLAPYL	DPSLAPYL
0.8981949388980865	0	ELKTKLEKLL	EKLTKLEKLL
0.8953481846385531	0	RDKPNLVLL	DRKPNLVLL
0.8945734649896622	0	LLEKSRAV	LLEQSRRV
0.8942014906141493	1	AVVEPYNSL	AVVEPYNSL
0.8931680977344513	0	GELERALSAA	DELERALSAA
0.8924606773588393	1	LLHDGLPVV	LLHDGLPVV
0.8919818136427138	0	ALLHTVTSL	AALHTVTSL
0.8918211944401264	1	GQKTEFKV	GQKTEFKV
0.8913755483097501	0	LSRPDSGL	SSSRPDSGL
0.8913281619548797	0	GAYM+15.995SKAHGL	GAYM+15.995KKAHGL
0.8904063418507576	0	APRSVAVSSL	APRGAAVSSL
0.890331678920322	1	VLAETLTQV	VLAETLTQV
0.890105171336068	1	APAAPALYV	APAAPALYV
0.8891558319330215	1	QEVFEKATFL	QEVFEKATFL
0.8888992402288649	1	EELKAEKEA	EELKAEKEA
0.8887584706147512	1	LASARNLTL	LASARNLTL
0.8886085616217719	0	GQLKEVERL	GALKEVERL
0.8881319893731011	0	PARPLGLSL	APRPLGLSL
0.8879463821649551	0	M+15.995APLTALV	AAPLTALV
0.8871277694900831	0	LPMSPTAM+15.995GPTL	LPMSPTAM+15.995GPLL
0.8868959214952257	1	TLTSNLPEL	TLTSNLPEL
0.8868778795003891	0	SQYTPLTL	SNYTPLTL
0.8863148480653763	1	ALNPKLLQLV	ALNPKLLQLV
0.8860861733555794	0	DPPPVELL	DPPPVELV
0.8857361707422469	0	RPRPEYVAL	RPRPDYVAL
0.8852232620120049	1	WEQKATVL	WEQKATVL
0.8845122125413682	0	ARSDLLSAL	ARSDLLSAA
0.8825630380047692	0	GLLRVLSGV	ALLRVLSGV
0.8823406919836998	1	YKYFPSVL	YKYFPSVL
0.8816389515995979	0	KLTDVDLDKVM+15.995L	KLTVVDLDKVM+15.995L
0.8804824277758598	0	VPSYLPLV	VPSYLPLL
0.878580326383764	1	FSLPLKESELL	FSLPLKESELL
0.8756428241729737	0	QGERLLGAAV	GGERLLGAAV
0.8750818967819214	0	FLEKEGQTV	FLEKGGQTV
0.8749484585391151	0	M+15.995M+15.995VGDLLEV	MMVGDLLEM
0.8744136799465526	0	ALSGHLGEVLL	ALSSHLGEVLL
0.8740450806087918	0	ALFGAGPASL	AFGAGPASV
0.8737090826034546	1	SEEELSFRA	SEEELSFRA
0.8733978718519211	0	NLGNVLLLRSV	GGLGNVLLLRVV
0.872139980395635	1	TAYYGLLGL	TAYYGLLGL
0.8713090941309929	0	FSLFSRFL	YSLFSRFL
0.871294789844089	1	LEEQASRQL	LEEQASRQL
0.8703998592164781	1	LPQELLLKV	LPQELLLKV
0.8700486156675551	0	LRASLLSAV	LRTGLLSAV
0.8699812054634094	0	PLAAAAAAAAA	PAAAAAAAAA
0.8677014529705047	0	DYLAVKEKYA	YYLAVKDKYF
0.8664699693520864	0	TELEM+15.995LRAA	TELEFLRAA
0.8663893878459931	0	TLLEDELATL	TLLEDELAPV
0.8656226230992211	1	LLQPHLERV	LLQPHLERV
0.8653578393989139	1	TAM+15.995STPHVA	TAM+15.995STPHVA
0.8638065040111542	0	GLSGNTM+15.995LGV	LLSGTTM+15.995LGV
0.8636586765448252	0	FATEVRAVL	FATEVRRVL
0.8628458455204964	1	FLTPLVKV	FLTPLVKV
0.8609940260648727	0	GPSKVRVGVV	GPSKVRRVVV
0.8602350917127397	1	GLHFVVPSV	GLHFVVPSV
0.8599698814478788	0	APKDVKLRLSA	PPKDVKLRLLA
0.8598282999462552	0	LGFGVNGLV	VVFGVNGLV
0.8595227707516063	0	FLWDPAKRTSV	LLWDPAKRTVV
0.8593998154004415	0	PSVPVFLEV	SPVPVFLEV
0.8591461852192879	0	LQWPSLTV	LLWPSLTL
0.8587815165519714	1	LPLSNLLMV	LPLSNLLMV
0.858147895998425	1	APPVLKRPL	APPVLKRPL
0.8564877286553383	1	HEDKLRVV	HEDKLRVV
0.855582021176815	0	STLGVDFKLRTL	STLGVDFKLRLL
0.8550070971250534	1	RPVLRPNV	RPVLRPNV
0.8540152683854103	0	LQFPLQKL	KQFPLQKL
0.8538862019777298	0	VPTANVSV	VVTANVPA
0.8532416423161825	1	PALPSDDRL	PALPSDDRL
0.8524841633107927	0	DDLGGTVDL	DLDGGTVDV
0.8521942363844978	0	LQLLTEENL	LQLLTEENV
0.8516990774207644	0	RYLASVRKL	RYLASKRKL
0.8515449166297913	0	YDYFPSVL	DYYFPSLL
0.8514970183372498	0	FLLETGPRGV	FLLETGPRRV
0.8508721739053726	1	YPLGRLLL	YPLGRLLL
0.8505262012283007	0	NELRVAPDEHPL	NELRVAPDRHPL
0.8502970172299279	1	AYM+15.995PHTFFL	AYM+15.995PHTFFL
0.8499702550470829	0	YSVVLPTV	YSVVLPTL
0.8495615883307024	0	QLFQRPNALAV	QLFRRPNALAV
0.8494179977311028	0	AQKLLQNV	AQQKLLQNV
0.8490929914017519	0	AEYFPTKPM+15.995FVL	AEYFPTKHYFVL
0.8479890724023184	0	SSAPPLTSV	SSAPPLTSL
0.8478476537598504	0	VQKELQSL	VVQKELQSL
0.847453792889913	1	SEASGFAGA	SEASGFAGA
0.847216377655665	0	DAKLEPTNV	GAKLEPTNV
0.8468776577048831	0	DPPYSRVL	GSPPSYRVL
0.8465320728719234	1	NTGLATTL	NTGLATTL
0.845612192695791	0	FLLPVQTQHPL	FLLPVQTTHPL
0.8455876641803317	0	APVGSVVSV	APVVSAVSV
0.8440377612908682	0	VPAQPQLNV	VPAQPQLNL
0.8435261713133918	1	ELLQRSRQV	ELLQRSRQV
0.8431087657809258	0	QQFQEPFV	QQFQQPFV
0.842394060558743	0	YFLREGNQL	FFLREGNQL
0.8413903845681084	0	LTRKKVLEL	LELVKVLRL
0.8399892896413803	0	LPSLTNVL	LPSLSNVV
0.8395530250337389	0	ADASLLKKV	DAASLLKKV
0.8390117026865482	0	LRDNLQGL	RDDNLQGL
0.8381519317626953	0	YVPRALLV	YVPRRLLV
0.8374245226383209	0	FLPSDFFPSV	FLPDDFFPSV
0.8364198912273754	0	DASGTKLATAM+15.995L	ASGGRRATAM+15.995L
0.8359368865688642	0	VYSPHVLNLTLL	VYSPRVLNLTLL
0.8358101573857394	1	RRFDPTQQGPL	RRFDPTQQGPL
0.8325757570564747	0	NLPELLKL	LLPELLKL
0.8319369024700589	0	LPSPLKQTL	LPSPKLQTL
0.8317266470856137	0	PYLSQAYVL	YLLSQAYLV
0.8313411474227905	0	TRDKTDVKL	TRDKTTDKL
0.8293905556201935	0	KLLERVSAL	KLLERLSAL
0.8292445540428162	0	SLKLLESLTPL	KLLLLESLTPL
0.8277940966866233	0	VHSSDLQGNYL	HHSSDLQGNYL
0.8268193701903025	0	RQLLNSDTL	RLQLNSDTL
0.8267155858603391	0	PFTLNNLTLNL	FPTLNNLTLNY
0.8266541759173075	0	ARNLWYFVV	RRRLWYFVV
0.8256369564268324	0	LLLLAHLLA	LLLLALLLA
0.8242982566356659	0	YRLGDKLLQV	YRGLDKLLNV
0.8241181187331676	0	YLYFPSVL	YLYFPSLL
0.8238776988453336	0	KYKDHFTEL	KYKVHFTEL
0.823028065264225	0	DNVGSKQMQQL	DNVGGSKAMQQL
0.8229567342334323	0	YLDPAQRGV	YLDPAQRRV
0.8226760365068913	0	DHLLLPAL	DHLLLPSV
0.8218064937326643	0	SELQNVLGV	TELQNVLGV
0.8216921016573906	1	LDEKLEKV	LDEKLEKV
0.8214821550581191	1	LPPPVQTQL	LPPPVQTQL
0.8207816237753088	0	LPYHMPENKTL	PSWHMPENKTL
0.8205631449818611	0	LPVTTRSV	LPVTSTSV
0.8180258795619011	0	VM+15.995FTPLTV	M+15.995VFTPLTL
0.8178634271025658	0	DETVVNRL	DETVVRRL
0.8174481822384728	0	LPRAEVSRL	LPRAEVLRL
0.8171321377158165	0	LVDKRGNL	LVDGRNGL
0.8134777512815263	0	DAHLGSSSV	GEHGLSSSV
0.8123713569207625	0	LPLAFLGM+15.995HEL	LPLAFLHM+15.995HEL
0.8110088043742709	1	VVVDPLQSV	VVVDPLQSV
0.8085257411003113	1	TQSPATLSV	TQSPATLSV
0.8073650068706937	1	AETELQRAA	AETELQRAA
0.8064614073796705	0	FTDTEGLPYSL	TFDTEGLPYLS
0.8017702748378118	0	LLLSTLPSV	LLLGTLPSV
0.8014330201678805	0	ELKKKYGL	EELKKKKGL
0.8013333512677087	0	YLPEVLSTL	LLPEVLSTL
0.7992945545249515	0	EELQKKLEA	EELQKRLEA
0.7959165142642127	0	GEFAKLSKL	SLFAKLSKL
0.7948674938895486	0	YMFEYPEYQKL	YYFEYPEYQKK
0.7947298809885979	1	ALGNVRTV	ALGNVRTV
0.7932555183768273	0	NKNARATLSSL	NPNNRTLSSL
0.7917303939660391	0	KVGPVPVLV	KPGGVPVLV
0.7915480004416572	0	GEHGLLLRV	EAHGLLRLV
0.787712600082159	0	AEYFPTKPMFVL	AEYFPRREEFVL
0.7873094280560812	1	GLQSSALSV	GLQSSALSV
0.7868111406763395	0	YLLEPDVELQRL	YYLEPDVELRRL
0.7852960179249445	0	AEAERLEEA	AEAKEEAEA
0.7851474583148956	0	GPGSARLGLL	PGSARLGLL
0.7838488891720772	0	GRFRPVLKLL	GRPFPVLKLL
0.7833687253296375	0	RQSLLTAL	NRSLLTAL
0.7831116989254951	0	ETLSKQSL	ELLSKQSV
0.7830626205964522	1	AEAETARQETA	AEAETARQETA
0.7825920283794403	0	SLVRVLTARKTV	LLLRVLTARATV
0.7819787959257761	0	SQSTVKVLL	STSTVKVLV
0.7819250039756298	0	LPYNQPGL	LPYQQPGV
0.7813702623049418	0	TVTGQRLTL	SLTGRLLTL
0.7812927828894721	0	RQWLLDQL	DEDLLLDQL
0.7798933005995221	0	RQVAFDFTKV	RLNFDFTKV
0.7763758897781372	0	VPLKRLYLL	VPLPRPPQLL
0.7755124792456627	0	LPYVGNLL	LPYGGNLL
0.7752361670136452	1	KGNKELLL	KGNKELLL
0.7750491499900818	0	QM+15.995LEETRQV	QELEETRQL
0.7740279088417689	0	GLFEPGDMKYEL	VFFEPGDMYYEL
0.7736044890350766	0	KALQFLEEV	KLAFFLEEV
0.7731476624806722	0	AFKNLLTEL	FSTLVKRSL
0.7709149196743965	1	DPYRALDL	DPYRALDL
0.7701030804051293	0	LDLSSNKNL	LDLSSNKKL
0.7686275705695153	0	SLKDGLLPLEL	LLKLSLPLEL
0.7677930563688278	0	KLVAGGLNAV	KKAVAALNAA
0.7676978641086154	0	EEEKVLGETA	EEEKLLWTA
0.766305341074864	0	FSSAVKSPVQVL	FSSAVPPPVQVL
0.7648328691720963	0	AQVLLHNV	NQVLLHQV
0.7641608119010925	0	KLYNEFLSV	KEYLQFLSV
0.7635840210649703	0	SLLEYLKQV	DELEYLKQV
0.7630457149611579	0	NAVSLVNLV	NAVSLLTLV
0.7615676048127088	0	LHLM+15.995LPEALAL	LLLYLPEALAL
0.7612813293933869	0	LPAVFKAPLL	APAVPTTPLL
0.7612496945593092	0	RPYEPLNSL	RREPDLNSL
0.757303599268198	1	LPLPLGTV	LPLPLGTV
0.7569624947177039	0	RLLDLLEYL	RRLDLLEYL
0.7555642889605628	0	SRFKNRETL	SRFRNRETL
0.7543264708735726	0	AEAELLNLRKL	AELLLLARRKL
0.7539164159033034	0	ALVSNLYVL	ALSSNLYLV
0.7496203647719489	0	QLPSASTGL	QLLTGLTGL
0.748211512962977	0	VEM+15.995LREDL	LEFLSREDL
0.747736934911121	0	DNVGSKQM+15.995QQL	DNVGSKM+15.995M+15.995QQL
0.7477234080433846	0	TPYNSRTV	LPYNSRTV
0.747495025396347	0	LPPYLRVL	LPPYLLRL
0.7465574443340302	0	DLHGPDAKLL	EHGPSAKLL
0.746519923210144	0	ALDLPVSV	LADLPVSV
0.7462740739186605	1	THDRLRQLL	THDRLRQLL
0.7458230644464493	0	RLSELGLTQA	RRLELGLTQA
0.7450434532430437	0	LPFLVQRTV	LPFLVQRTL
0.7446564700868394	0	GRFVTVQTL	RRRVTVQTL
0.7438552491366863	0	TLPRVLEL	VVVRVLEL
0.74380212277174	1	FDTKPLLV	FDTKPLLV
0.7436238080263138	0	GLGGVFKV	AAAGVFKV
0.7432849539650811	0	SENPPSFTL	SENPPTTTL
0.7413266569375991	0	HLEKKLRDEL	LLELKLEDEL
0.739918718735377	0	LLAENLLSL	LLEAALLSV
0.7397506535053253	0	QHVDPEEAVRL	FTVDPEEAVRL
0.7394873135619693	0	ARTLLEENL	RTTVLEENL
0.7379097474945916	0	KYGLGFQLL	KYGGGFQLL
0.7371741570532322	1	DEVKVNQL	DEVKVNQL
0.7370217767628756	1	LDLPGLTRVAV	LDLPGLTRVAV
0.73670784301228	0	ELDM+15.995NDLKA	ELDFNDLKA
0.736616636812687	1	VYKDHQTLTL	VYKDHQTLTL
0.7346157404509458	0	YLHNPSSEETL	EEHNPSSEETL
0.7344985529780388	0	SPSKM+15.995PEL	SPSKRPEL
0.7340808779001236	0	EAVEREAAVA	EAVEREAALA
0.7334097027778625	0	EAFPLRVL	GQVVPLRVV
0.7322881519794464	0	VQLRLNSL	VQLRLNSV
0.7322241332795885	0	EGKLRLVEL	YAKLRLVEL
0.7316731810569763	0	DALAFNSAL	SALAFAAAL
0.7311853259801865	0	ALFAGGKLRV	LLLFAGKLRV
0.7302635941240523	0	LLSHFYPAV	LLHHAYPAV
0.7299844568425958	0	LLFEGETNRLL	DLFEGELERLL
0.7296335366037157	0	FLAALPPAL	VVLALPPAL
0.7293032341533237	0	LPAPNTATV	LPAGGTATV
0.7279192308584849	0	VPRLFLVKV	LPRLFLVKV
0.7278248485591676	0	RKGAYPLSL	RRGPYPLSL
0.7265818748209212	0	LEVTPQSKL	LEVTVTEQV
0.7259565107524395	0	YAYLPLHV	YAYLPVVV
0.7255780498186747	0	LHQKHFQHL	LHQKHFLHL
0.7251224484708574	0	KPSLNKSNV	KPSLNKSNA
0.7237130668428209	0	LPYFQTKNL	LPYTFTKQV
0.7233646776941087	0	SQVKSKLQL	SQVKKKLQL
0.7203730874591403	0	QAPPPPQQV	APPPPPQAV
0.7196227659781774	0	LPLAFLGMHEL	LLPLALGGMHEL
0.7185202505853441	0	LLGFVRQV	LLLGFVRRV
0.7165840963522593	0	LTPM+15.995LRHTL	LLLRLRHTL
0.7160308311382929	0	ARAEVLPQL	RRAAVLPQL
0.7157280415296554	0	RLADPNLLEV	ERLDPNLLEV
0.7153243008587096	0	ADARM+15.995YGV	GDAARFYGV
0.7150906920433044	0	LETLLRNL	LETLLGLRL
0.7142218748728434	0	THFPFALRV	THFPPLRRA
0.7141522526741028	0	KLLDPEDLSV	KLLDPLDLSM+15.995
0.7135553956031799	0	GHSQVLQAL	AQNHVLQAL
0.7134835049510002	0	SQYQLNSL	SQYQLNSV
0.7133591439988878	0	AELSNDLKL	SELSNDLQV
0.7132838612253015	0	RLKKDEKQSLL	RLKKKEKKKHL
0.712274173895518	0	EEQAKEVTA	EEQAKKLTA
0.7108198069036007	0	VPPLVPKV	VPPLVPRA
0.7090120315551758	0	LPESLPLL	EPLELPLL
0.7065710499882698	0	DLKTHPEV	ELKTHPEV
0.7060904486311806	0	RTVDVSPKV	RREDVSPKV
0.7042951559027036	0	DHTNFKYNYSVL	DHTNNSYNYSVL
0.7035694308578968	0	PALAHALSL	PSLAALSL
0.7027852435906728	0	RYLEYFEKL	RRREYFEKL
0.7019565072324541	0	ALGTVGYRV	ALGTVPHRL
0.7011941638257768	0	RTVQHGVTL	RVQQHGVTT
0.7010465032524533	0	GEALGLKQA	ADALALQKA
0.7005490579388358	0	RLSEEASQALL	RRREEASQALL
0.7004102170467377	0	LPYPAPEGLAV	LPYPAPPPLAA
0.6991250150733523	0	ETLSPSGQGV	ELLSPGQGV
0.6987239047884941	0	AGSLVLKV	ASSLVLRV
0.6979211635059781	0	VVLSYVKEL	LVLSYVKRL
0.697181397014194	0	RPPAFRALV	RPPPLLAAV
0.6968603183825811	0	LPLKM+15.995LNL	LPLKKGANL
0.6958157072464625	0	LPLPRSQSL	LPLPRRSSL
0.6953733596536849	0	VTNAVLHEV	LTAALLHEV
0.6951330817408032	0	EEGPPSTAL	EEGPPSTAV
0.6946250408887863	0	KTYQDLQNTL	HEYQDLQNTL
0.6937532855404748	0	KQLDFSVSL	ALLDFSVSV
0.693697816795773	0	LLLESDPKV	LTLESTPQA
0.6929939985275269	0	FPFQWQHV	FPFQGGFHV
0.6919479489326477	0	AVKKNPGLAA	ALKKNATLAA
0.6914490535855293	0	YPFKPPKL	YPPKPPKL
0.688804879784584	0	DPFFM+15.995PEL	MPDFM+15.995PEL
0.6881967484951019	0	SPVNSSKQVA	SPVNKKKQVA
0.6867565009742975	0	VPSNPAQSA	PPSNPQSV
0.6859186757355928	0	LPFLTDTL	LLFLLDTV
0.6854747831821442	0	LVTNWDDM+15.995EKL	VTTNWDDM+15.995ERS
0.6846076283189986	0	GELGRLLTV	SLLRRLLTV
0.6835098899900913	0	FDEALRAV	YDEALRAA
0.6825689360499382	0	ETGERPSNEEL	EGERAENEEL
0.682082497411304	0	VGRLRLASL	GVRRLLASL
0.6810897797346115	0	LC+57.021VQSTHVDL	LLC+57.021QQRPNDL
0.6810708310869005	0	THSNLHTSL	THGDGHESL
0.679575502872467	0	VELQTPKL	VELQTLKL
0.6790312959088219	0	GLVGGLSTV	AAVGGLSTV
0.6765804767608643	0	AEAQAEAGREA	AAAQAERREA
0.6755431029531691	1	YLM+15.995DLTHLL	YLM+15.995DLTHLL
0.6745999380946159	0	EQVAHQTL	EQVAHETL
0.6745106261223555	0	LPLPLANL	LLLPLANV
0.673829996585846	0	APQFHGLTV	APGQFAGVTV
0.6735705004798042	0	TLLSNLQGV	TLLSNLQQA
0.6735619883984327	0	LHFVLNTV	HHHVLNTV
0.6724509563710954	0	LPPPAGAYL	LPPPAALLV
0.6719836555421352	0	GALVLVTV	ALLVLVSV
0.6718252698580424	0	DAKEYAESL	SAAEYAESV
0.6709535680711269	0	KLMDLDVEQLGL	KRSSDDVEQLGL
0.6697576344013214	0	ALTALLPSV	TALALLPSV
0.6694253716203902	0	APAAPTPAA	AAAAPPPAA
0.6693534031510353	0	FPAPLAQL	FPAPAAQV
0.6693015264140235	0	LPYDSKHQL	LPYDHDHTL
0.6675646267831326	0	DAWKELTL	DLWKNVTL
0.6673918925225735	0	LLQDGVHNL	LQDGKHNL
0.6665056794881821	0	M+15.995PSSVPLRA	DPSSVPRRV
0.6660817414522171	0	AYGPPSNFLEL	YYGPKNFLEW
0.66446503251791	1	FFDGAKDV	FFDGAKDV
0.6644213961230384	0	VVAPPGVVV	VVAPPPVVV
0.6630585175007582	0	YPLLLQSL	YLLLLSSL
0.662664532661438	0	YEYDRKWGL	YEYDRRQQL
0.6621443066332076	0	LYRQYFEEL	LFRPYFEEL
0.6619067059622871	0	VLM+15.995DGSVKLV	TLFDSVKLV
0.6615422815084457	0	AALKKALAA	GLLKKLLAA
0.6605678107589483	0	LYSGFPSVL	PSTFPSLL
0.6601559420426687	0	GEAPAPVSV	LLAPAPASA
0.6600566208362579	0	DAFEEKANL	DLFEEKANV
0.6593033075332642	0	ERYAKLVEL	ERRHKLVEL
0.6587509729645469	0	SFLKDYPVVSL	SYLKYYPPVSL
0.658338811662462	0	LPASKAGLVL	LAASKLQVL
0.6576924125353495	0	ALNAVRLLV	ALNKLLNAV
0.6560370934506258	0	PRESQPLLGTVL	RRRGDPLLGTVL
0.6549335718154907	0	REVTELLKV	RREEELLKV
0.6543927523824904	0	NASPLNRLV	GQSPLRRLV
0.653991871409946	0	VPLGTGTSL	VPLATGTSL
0.6538814197887074	0	VLLEQERQQEL	LLEEEERQQEL
0.6511852509445615	0	LYTLLNSL	LLYTLLNSV
0.649780293305715	0	LLAARVVAA	LLAALVVAA
0.6496444344520569	0	SLLSNLHEV	SLLSNLHHG
0.6490360183848275	0	GLLEKLTAL	LLEKKLTAV
0.6486396806107627	0	FLNVRTQV	FLNVRRAGV
0.6485649451613427	0	M+15.995YLNEVERLL	FYLNEVERLE
0.6484712768684734	1	AEAVERTDELV	AEAVERTDELV
0.6478456348180771	0	NLVERVKEV	NQVVDDVKEV
0.6463899202644825	0	YASGRTTGL	YASTRAAL
0.6460620115200678	0	KDYLRTQLL	KKYLRLHLL
0.6457545260588328	0	LFLSNLPEL	LLLSDLSTL
0.6455882489681244	0	WLQKLEAL	AALKRLLAL
0.6428615550200144	0	LELLLQPEL	LEELLQPEY
0.6422119997441769	0	VEREVEQV	RRLVVEQV
0.642105350127587	0	LLDKPQLQGLPV	LLLQQGLGAGLPV
0.6416871630483203	0	QPRPPVTLL	QQRPRLTLL
0.6416449861394035	0	YQYLVESL	YYYYVVPSL
0.6415501038233439	0	ADFKAQNV	DDFGKGANV
0.6412313332160314	0	M+15.995EELHNQEV	M+15.995EEERHQEV
0.6412282412250837	0	KEVTQNDGTTTL	DSSTQNDGTTTL
0.6410728825463189	0	ALLETM+15.995FGV	LLLETEYGM+15.995
0.6402815050548978	0	VTDFYPAQL	SEFFQPAQV
0.6384942481915156	0	YLALRTAQL	YLALGRWKL
0.6375243912140528	0	ALAGAVTHTV	AAAQVTVTY
0.6349624180131488	0	AVLTNQPEL	LLLTGQPEV
0.6341420213381449	0	VQQPLSQL	NLQQPLSTV
0.6337045530478159	0	DVLKHYKL	SLLKKHHKL
0.633218968907992	0	KTLEGEFSV	LTLEGEFSM
0.6327299161089791	0	VVRGLPPLL	ARPLLPPLL
0.6326862325270971	0	KEFTEAVEA	KSSSEAVEA
0.6325177729129792	0	KELELQQQTL	RELELLQQTL
0.6308306213468313	0	QELKVLEV	QELKQLEV
0.6305567953321669	0	FVYNSVSTL	FFSVFVSTL
0.6297343422969183	0	YLLEKSRAL	YYLEKRRNA
0.6288828684224023	0	LSYFPSVL	LSSGFPSVV
0.6286751363012526	0	LFLDKLYSL	FFLPTLLSL
0.6281023594466123	0	LLVEQPPLAGV	LLLVEQPPLLL
0.6276209224015474	0	LLASNVAGV	LLASGLGV
0.626425047715505	0	ELAKRLNTL	ELAKLKKTL
0.6255526263266802	0	VYHVHLHV	EEHHVLHV
0.6255016525586446	0	EEAPAAM+15.995TA	ESSAPAAM+15.995A
0.6253613001770444	0	SEAGATAPKA	SEAKAAPKA
0.6251646959119372	0	RYLDSLKAL	RRFDSLKPV
0.622777478562461	0	KYLPLPQRV	KELPAHELV
0.622546954287423	0	AQGVLRQV	AAGVVRRAV
0.622344916065534	0	LRNPVLQQV	RRRPVLQQV
0.6217347197234631	0	NPYLVRLL	PLYLVRLL
0.6208951432596553	0	AEELAKHGM+15.995KV	AEELAKPRRRA
0.6208122318441217	0	DVLDDHERGLL	DVLDDTLRRRL
0.6200113087892533	0	TLM+15.995DM+15.995RLSQV	DLFDM+15.995LLSQV
0.6197979549566904	0	GRFLQLTNV	SFTLKLTNV
0.6192397740152147	0	KMVYSLVSV	HRRVYSLSW
0.6191834674941169	0	HKGPSLTGL	QHKPTLTGL
0.6190294238428274	0	KLM+15.995DLDVEQLGL	KLLELDVEQLGL
0.6190179056591458	0	KLDYYLPYV	KYDYYLPYV
0.6189024911986457	0	QASPLQLLV	QQSQGQLLL
0.6184612587094307	0	YEGPAKLEV	YEPARLEV
0.6182313528325822	0	LVNGHTLLV	LVGHHLVLV
0.618024715118938	0	TEAADLC+57.021KA	EEAALLC+57.021KA
0.6171972354253134	0	DARTFYLL	GGRTTFLLV
0.6164749993218316	0	KLLSHEESV	KLLEHKESV
0.6162351055277718	0	ARLALKALL	KVVVLKALL
0.6149396200974783	0	EELPRAEGA	EELPRRAGQ
0.6141635883938182	0	RLLEPLVTQVL	YLLTVPLPRRL
0.6138988096605648	0	LGVASQLLVTL	LLASKKGVVTL
0.6137309968471527	0	QRYLVYAL	RRRFFVYAL
0.6129031876722971	0	EHTPDEESL	HHHHHEESL
0.6126362731059393	0	DSYPVVNLL	DEYPVVNLV
0.6119524737199148	0	ALSGLDM+15.995VGV	ASSLDDVGY
0.6114195750819312	0	VGLLRNLALL	RLLRRLALL
0.6101922111378776	0	QLLQKFLSV	QLLLLQASV
0.6093635956446329	0	FEVTGQETVA	FETGQETTV
0.6090640226999918	0	ALAGVSFEL	ALAQVSFEL
0.607168252269427	0	LPKYLELEL	PPRRLLLEL
0.6060824945569039	0	SRLEDQVLGV	RRRGLQVLGV
0.6059406465954251	0	TPSAKQPV	SLAGKGAPV
0.6040417607873678	0	FAAAFFPAV	AAAFFPAV
0.603669039077229	0	LAQALFEEL	LAQALFEEV
0.6031866398724642	0	ALNVEQAFQTL	ALNVEQAFFSL
0.6031054986847771	0	QRLSEYSEA	SESYRYSEA
0.6009516827762127	0	SHHSTDERL	HHSFDPRC+57.021
0.6000332170062594	0	NAYEYFTKL	AYYEYFTKL
0.5994664517541727	0	VYLPPEAFTFNL	VYLPPEFTTTNL
0.5989264957606792	0	YSQFPSVL	STQFPSVV
0.5974221924940745	0	NPLNSATSL	APLNSATTY
0.5972000621259212	0	LQLQLSSL	QLLQLLTV
0.5971460772885216	0	LLGHLERV	LLGGHLEKV
0.5970942543612586	0	APSM+15.995DRAAVA	PSFDNLAVV
0.5959169268608093	0	FLAFLSPKV	FLAPFLPKV
0.5954323444101546	0	VPSEVEPFLL	PEEVEPLLY
0.5941123478114605	0	LPNLM+15.995NLL	PLLLNLVV
0.5940543247593774	0	VQAQVQAQV	QAGVVQAQV
0.5937537212263454	0	NNVVSVNKEPV	NNVVSVKGQPV
0.5920906960964203	0	RVLQNLLTL	FTLLNLLTV
0.590672779083252	0	RVAVTDDQAL	KAVVTDDQAV
0.5889758345755663	0	VFLKNEKGQYL	VVLKKKKGQLL
0.5878820866346359	0	LYTPEHHLL	LYTPEYRRL
0.5873664418856303	0	GGKLGASVLEL	LQGASVLEY
0.5868950441479683	0	FLVERLLHL	FLLVNRLLHL
0.5864771381020546	0	VEM+15.995PLTGKA	DGFPLTRV
0.5861876441372765	0	GLLDRQVTV	LTLKRKVTA
0.5846350237727165	0	LDTHPLPLVEV	HRFFLPLVEV
0.5844551712274552	0	RLSDLNQDSA	KLSTLNKDSA
0.5840273335576057	0	VM+15.995QDPEFLQSV	FQDPLFLQSY
0.5836467444896698	0	AEQERNEFV	AEQDRNEFV
0.5826347569624583	0	QQLLQLNL	QQLLLLTTV
0.5812296138869392	0	AEVGVPVSV	SPPGVTVSA
0.5807182341814041	0	LYAGGLKSL	LYAGGLRRV
0.5807013226052126	0	ALM+15.995EHPEVSQV	AASAVSPEVSQV
0.5802516258425183	0	QLLKLNVPA	QLLPPVVPA
0.5770978348122703	0	VVDKTLLLV	LVDDLLLLV
0.5758882926570045	0	SLWQELPVV	SLLLQQLSY
0.5758720106548734	0	VLSEC+57.021LEGV	LSEGFLEGV
0.5754145582516988	0	KM+15.995LDHPHLL	KPDDHPHLL
0.575031515624788	0	RVFSDLLYTV	RYVLELYTV
0.5718105304986238	0	STNAYM+15.995LL	SLLM+15.995YM+15.995LV
0.571430105302069	0	DALM+15.995KSLQV	GDLFETLKV
0.5706396823128065	0	FLNLMEKLNENL	FLNLEEENLENL
0.5704948659986258	0	TLSHVLVTA	LLLVVLVV
0.5704158908791013	0	KEHEVTLFV	KEHEETLFV
0.5702455006539822	0	YPAELNNL	DLLDLNNV
0.5696067254651677	0	VFLPEPMGTANL	VVLDQNLDLDY
0.5693246341413922	0	KLSELKETV	KLFFLHFTV
0.5688497126102448	0	LPFPVEKL	LLPFPKEQV
0.5682964556747012	0	QELRLLNV	YYSRRLLNV
0.5679305113024182	0	TLAAVLQRL	EAAVLLARV
0.5670864880084991	0	TLEDGLFEV	LSDDTLLPV
0.5661728150314755	0	NRFQLATV	HHAEELATV
0.5651883085568746	0	LPVEFKLVL	PPVELKLVV
0.5645078635878034	0	EAVPHVLQL	YVVPHVLQY
0.56434309317006	0	LPFYFVQKL	LPFYKVQKV
0.5642966396278806	0	FASGAFLHL	FSSGAPRHV
0.5639211475849152	0	RLQDALAKV	AQPLAPLAKV
0.5634857151243422	0	SHASPSPVA	APVPPSPVA
0.563413456082344	0	NPNANLM+15.995LAL	LALNLFLAY
0.5618642460216176	0	KLLSHFYPAV	PLLSSAAYPAL
0.5612328549226125	0	LEKEGDSLA	LLEDDELLA
0.5601532790395949	0	TLLLQVPRL	DLLLQLLLL
0.5595787929164039	0	RLLQQVSQL	LLLLQLSQY
0.559043577975697	0	YPPAPFM+15.995HL	YPPAHPAHL
0.5578074438704385	0	SPKRLSAAL	PKRRSSAAL
0.5566183522343635	0	TTTHSLLLSL	LPPLSLLLSY
0.556319976846377	0	VLMERLQQV	LLEERVQQV
0.554845972193612	0	LPTRTVAL	APSRRAAAL
0.5547498795721266	0	MSM+15.995ETLLKV	MEFESLLKV
0.5537272095680237	0	YSDFPSVL	YFDTPSVL
0.553011468052864	0	LLTLDDGLFEV	LELLVLLFEY
0.5526538547128439	0	YLKSKGAEL	YLKSKSSL
0.5525746524333954	0	KQVTAPELNSL	QQTAPALHSV
0.5523647202385796	0	YRDQFSLEL	RYDGMSLEL
0.5520842269062995	0	SM+15.995SKEAVAL	ASKKLAAVAL
0.5519461582104365	0	TPSRSSAAAAA	RRRALAAAA
0.5511336450775465	0	RPREPTNTL	RRRRENNTL
0.5509680973158942	0	RLNALLATA	RRLLLLATA
0.5506762547625436	0	KLLDAGDLDL	RLLDKLLDV
0.5503446310758591	0	VPAEPKLAFV	VPAEPPLAFF
0.550091051393085	0	NRYLHLLM+15.995L	RRHLHLLRM+15.995
0.549949563211865	0	SPAGVDGNAA	AAAAVGGAY
0.5492914186583625	0	YPAPPNVTL	FLVPPDVTL
0.5477566625922918	0	KYDAAHFLL	RLFAAFLL
0.5476209029555321	0	MRYFFTSV	AEEEEEFTSV
0.5461068799098333	0	GLLNTGVLSV	LLNNGGLSY
0.5458568748500612	0	LPAVFKAPL	LPAVPLLLL
0.5436698959933387	0	VLLGVTDTV	SLAVVSTLV
0.5435647782352235	0	TPALLM+15.995NTL	LLGLLLTTL
0.5434831231832504	0	KLWDVSVNSVV	KRRLLSVNSVV
0.5433140595753988	0	LPFMFYNDV	LLLMFYPNL
0.5429117861721251	0	RLKQESNQL	RLQQQSNQL
0.5424687930128791	0	FDEEGAKLVKDL	FEEPKKLVKLD
0.542311492562294	0	VM+15.995YADLGGM+15.995DL	PPGLLGGFDM+15.995
0.5423023021883435	0	ALKKKFQGL	ALKKKKKGL
0.542059462931421	0	LLRDQALAL	PVRLAALAA
0.5413506428400675	0	LLPTRTVAL	LLDKLLLAL
0.5413254201412201	0	VSLAAVLPKV	DAAAVVVPSV
0.5405525676906109	0	NLAKFNQV	NLARRAQV
0.5396020367741585	0	KEM+15.995FPLEAGAL	LLPLSVEQAL
0.5385045409202576	0	KLWEAFWAV	KKARGAFFGAV
0.5367484158939786	0	HETLFLLGV	AAAGFLLGV
0.5363427874716845	0	KLM+15.995DYSLLVGL	SLLLHSLLVGV
0.5359536442491744	0	YPAKVTAV	APAGGAPAV
0.5351965907547209	0	THLEAQNRL	THLEARRRV
0.5347932241857052	0	EELFFGRL	LELFFLLV
0.5346159438292185	0	FLNKM+15.995KLM+15.995V	ELNKFKLNL
0.5343112364411354	0	LEDVLNVEQL	LEEELNVEQY
0.5343062674457376	0	TRELLGDLLQV	KLLADGDLLKV
0.5342260524630547	0	ALKKALAA	VAAKLLAA
0.5341148657931222	0	LHQLGREALAL	HLPRYLQVL
0.5334113174014621	0	M+15.995HFQLPLQA	RRRLLPLNA
0.5330615863204002	0	AERFYGKYTA	RRLAQGKYTA
0.5303237020969391	0	TQVGPGPQL	TTTVGPPPAA
0.5294661059975624	0	M+15.995RYNEKELQA	LQEELQELQA
0.5287515440334877	0	PLLRQASDGDTL	PPLGHSSDGDTL
0.5278434604406357	0	ARLKFPRLLQL	ARLLLLLKKLEL
0.5268417249123255	0	RPRPPVLSV	RRLRRLLSV
0.5265857544210222	0	FLLDRVFGL	FLLDRVFFL
0.5253123078081343	0	RVTDGALVV	RRRAAALVV
0.5251681440406375	0	QPAGFREGL	HAGPFGSPV
0.5250702783465385	0	NRYNEDDAKAA	RLDDSDDARQ
0.5250050835311413	0	SPTTGSTV	SESTGTTV
0.5246108480625682	0	VQRQM+15.995VVSV	ELRRNVVSV
0.5243909524546729	0	DNDNLPDL	TLVDVDPSV
0.5226771906018257	0	DSLLKATL	KSLLLLTV
0.5225772990120782	0	FYGKYTAEL	LLGTYTAEL
0.5222819331619475	0	LPNQTVLKLL	LLKLLLKLL
0.5215001354614893	0	NLRDFLVEL	KELLDLVDL
0.5209939115577273	0	QRNALALAA	LLRRLALAA
0.5181164774629805	0	FLTKRSGQV	FFTTRQTEV
0.5176502615213394	0	ANLVPVLAKA	NVVGLLAKA
0.517649944126606	0	LVDDLLNLAL	LLLLLQVLAY
0.5174591802060604	0	LPM+15.995SPTAMGPTL	GPM+15.995SGAAMGPTY
0.5166571107175615	0	SENPPLTVL	ASEPPLTVV
0.5164042860269547	0	VMGKLFAV	KKSVFALV
0.5159189105033875	0	HRPSLQLDTAL	RATDLKLDRF
0.5157326087355614	0	DSPHAVTV	HSHVGPTV
0.5147399173842536	0	LLNKELTKL	LLNKKKNLL
0.5127941519021988	0	DREELKPL	ARSLLLQPL
0.5122479163110256	0	RPNPPPVSV	PSPHPYSV
0.5108877345919609	0	DPYRVLGV	RPDPLLGV
0.5058729160915721	0	LERFFQAELLL	KLLLLLAELLL
0.505616681650281	0	STDRVVLL	RRGSLVLL
0.505021216140853	0	FLPSYLLDV	LLGGFLLDV
0.5037268493324518	0	VKLELHQV	VKLHHLKV
0.5008386141724057	0	TESTPLTAV	FLSSVVTAV
0.4990826234221458	0	ARPRFPQVV	ARPPPRPQVV
0.4990723000632392	0	AGLEGRYATA	LLEPRYATA
0.4987510715921719	0	FLAPTFSGLTSL	LLALPSSTDSSL
0.4987129155132506	0	TLLEVGQLAV	LLELAALAV
0.4964956298470497	0	QLWNNYFHLL	QGWNYYPQLL
0.4962355991204579	0	DLTRPEEV	DLTTEHTHV
0.495334376891454	0	VPPFTLEV	VVPFFPFTV
0.4944486601485146	0	ALDSQVPKV	LLDSNVPKV
0.4940094649791717	0	SLLPFPVEKL	ALLPLLLLKL
0.4937185999006033	0	GRYGGETKV	RFTWWTKN
0.4935749702983432	0	APASVVPAPA	APPAVAPPV
0.4934796343247096	0	VRPDNTYEV	LLRHRMYEV
0.4929183315147053	0	TLAEVRAVQEL	LLAEELRLLQL
0.4919333789083693	0	AEEERRLAA	EEELLHLAA
0.4901501387357712	0	M+15.995PLSLQQL	LLLGLQQF
0.4900468836228053	0	QVEELLKEV	AALLLLKEV
0.4900411888957023	0	LEAARVAQL	LQLQGLEL
0.4897280815574858	0	LYNNM+15.995KQFL	YYNAGQNFL
0.4895466367403666	0	FAVPENSSV	SSVPGM+15.995VSV
0.4884155038744211	0	KLGGYVSFV	KSSSSLFV
0.4877445167965359	0	LPQVESQVAA	PPELLLVAV
0.4873006542523702	0	RRQKFGYSV	RRPLSFYSV
0.487244714051485	0	YLYGDDRLEPYL	PLLGDLPNEPFF
0.4864369465245141	0	LHPALPSALL	HLALLSALL
0.4860221793254216	0	KYLAKHSSL	HYLALLSAV
0.4853157218959596	0	ELANKVGAAEL	LANELKLEL
0.4845737516880035	0	VLHDNFGLV	RLLFGFALV
0.4843716484804948	0	FLSTLNVGLTSL	LLSDGSLGLTEA
0.48386973278089	0	QRLSLENLEKL	KRRLLQNLERL
0.4831856414675712	0	FLNLM+15.995EKLNENL	LLNLEEEM+15.995LNNL
0.4818210403124491	0	NPKARVTEV	LPKPKEGEV
0.4814475364983082	0	LTLKYPLEHGLL	LTLKYYFRHHLL
0.4814228895637724	0	KELEELSEA	SELEELSAV
0.4809722734822167	0	GHSPVLRNL	GHSPLLRRV
0.4806549366977479	0	NLKVKTEEL	VVKKKLKEL
0.4788683220744133	0	TLLKREQQL	TLLARRANLL
0.477792223294576	0	VLLHELAEA	LLPRLLAEA
0.4776018915904892	0	LLHRKFSSL	LLHRRHSSL
0.4764325618743896	0	ERLDVLFNV	RLFLSLFNV
0.4745941095881992	0	HHSSPTTQL	RRSPPSTQV
0.4717687869613821	0	APRGGQGDPAV	APPGGAGAPAA
0.471624244004488	0	LPVAFKVV	LPPAAVVV
0.4715257601605521	0	VLM+15.995ERLQQV	LLNKRLNQV
0.4712745934724808	0	LM+15.995GC+57.021THDLTTL	FYYNNNFTLV
0.4698418842421638	0	LPYLPHYL	LLYLGLHPL
0.469583918650945	0	DADKYAVTV	SEKDSEVTV
0.4685523824559318	0	FPPSYVPVV	LPPPYVPVV
0.4678449696964687	0	DPAKFKSL	LLDDKQATL
0.4667340972357326	0	M+15.995RTLALLAA	RRLLLLLAA
0.4666312515735626	0	AEYEKTLAQM+15.995L	YM+15.995FEAEAQM+15.995Y
0.4652731882201301	0	DAFSFGTLV	LLFGFGTLV
0.4652514444156126	0	NHQKQLESNKL	NHQHDLSEEKL
0.4627680201083421	0	DGNLVVRPYTPL	KKRELVFVGNPL
0.4622116353776719	0	KPYPNSEAA	PYVRGNAAA
0.4613177180290222	0	SRLGLLTRL	LELSSPLEL
0.4612449748175485	0	SDNPSQLL	NNPNQLY
0.4611658481034366	0	RQVQPEGPYRV	RGVQPEAGYHG
0.460939709097147	0	VRFYPWTL	DFLLQFTL
0.4582155853509903	0	HEVDELTQLL	RRRDPLTQLL
0.4569992323716481	0	LPDKNEQVLL	LLLLKNVLL
0.4554606912036736	0	KYLEEQLLQRL	KYYLEEAELKYM
0.4540544226765632	0	KERPVPSAANSL	DRERRYAAQSL
0.4538646737734477	0	LPFM+15.995FYNDV	DELM+15.995FLNDV
0.4535215064883232	0	SETELKDTYA	SETELLLFYF
0.4522617242553017	0	VPQPRGSEAPSA	PKKRHNAAPSA
0.4517480846908357	0	SEQQQSKQL	EEAQQSKQL
0.4514107075002458	0	EHLPVSAEL	HEASFSAEL
0.4509004172351625	0	SPHRRPLSV	RRRRRKLSV
0.4496827936834759	0	DAPLNLRSL	APPLNLLAL
0.4490033537149429	0	TLAPGEVLRSV	TVAPGGLLRRV
0.4466589424345228	0	DM+15.995KAKVASLL	EKATRASAL
0.4439418613910675	0	SLDVSAPKV	ALDVGVPRA
0.4430771751536263	0	KQYQAGQTV	QQM+15.995AKEQTL
0.443042140867975	0	DPFQYQLVL	LPVYQQLVY
0.4428631827235222	0	YYPYVYYKL	YYPYVVVYQL
0.441917556982774	0	HGGLSPQPSQRL	GGGSSPPQRSRRV
0.4413544096880489	0	AFAVVLAEPL	AEPELAEEV
0.4407883998420503	0	KLYQRDLEV	KEDQRLLEL
0.4407474299271901	0	YLREKRESV	RRREKRASV
0.44005429579152	0	STDFPSTSL	LPDFPM+15.995TSV
0.4372670772400769	0	MLSEAARFQYL	DYVVSHASEAL
0.4369605117373996	0	WEVFAKPKV	EEVFVKPRV
0.4351281449198723	0	VFLPEPM+15.995GTANL	DLPDPM+15.995ELDW
0.4348200658957163	0	YLFREPATL	LLLLPPATL
0.4343759268522262	0	RLPDLPLRQVL	LLQNLLLPDLP
0.433939375811153	0	GLFSNDLPHV	M+15.995FFNNLPLV
0.4337393313646316	0	VLLDENLLKM+15.995V	YLDNKKLKM+15.995M
0.4279219259818395	0	LEDDARVLA	LEKALKKLV
0.4258553766542011	0	EEARRQLAA	ELKAHLLAA
0.4209755410750707	0	SRLSRSLLWA	RLLLTLLQQ
0.4194404944777489	0	AERDLRDLEA	AELDMLPSRA
0.4184915820757548	0	DVAFLASVV	ALDALLLSA
0.4179772477258335	0	LLLEEGGLVQV	ALLAAALLVQY
0.4177471664216783	0	LALKLKGLSL	LKGLLLSLL
0.4168123081326484	0	HLVLPVQPV	LLVLVPYY
0.4160827174782753	0	RPYAPLNANAL	AALALLSAANAA
0.4148462729321586	0	LLDDHPEV	LLLDSHPHV
0.4146962523460388	0	KMAAAPHGGGSL	KMAAAGRRRA
0.4139361712667677	0	YLDEHGHTVV	LTDEYEDVV
0.4138773712846968	0	DKYKTLRQL	NLYKTLRRV
0.4132900701628791	0	MAFSLFHRL	SFFLLSHLL
0.4122522734105587	0	LPTQQDVLRTRV	LPQQQELRRRRV
0.4092284649610519	0	SSC+57.021SSC+57.021PLSKL	SSSSC+57.021SSSAL
0.4091638574997584	0	VHQLRKESV	M+15.995M+15.995KLLLKPF
0.4072065465152263	0	AEHSEPPQA	PPPPPPEA
0.4071417765484916	0	HHANFPQYV	HEPALPAYF
0.4057784428199132	0	YPRFPPLQSL	LQRPPLQSM
0.4033793542120192	0	GAPRTPSPLV	LPKPSVPLA
0.4017701173822085	0	MPYKLNPKTGLL	VLLLLNNKKKLL
0.3978257843039252	0	DAYKKQFSQYL	DELKFFLLKYL
0.3969177943136956	0	RRAVAKVSL	RRKSSKVSV
0.3953176438808441	0	ALHSALHTL	LHSLVHHV
0.3945764021741019	0	VYTPKLLVL	VVTPRLFVV
0.3914073407649994	0	KARDTKVLL	KKLKNKLLL
0.3903446882963181	0	LERYELAWL	RRLNLLAALW
0.3856792284382714	0	LVREQFKL	LLRRQFGLL
0.3847924674099142	0	PWSTAEKGPLTL	ESSTAEAARTL
0.3843014339605967	0	FPWPKVLKL	FLLPKLKKL
0.3842874715725581	0	EYQLFKALFQTL	FFFEFKAFFQLE
0.3841595732503467	0	DAFRENKNV	EARRRHHNV
0.3833566836335442	0	GPSKERTLSA	GPSSPRRLLSA
0.3828946153322856	0	QEQPAATKL	DEQPSAHQL
0.3816630366173657	0	GLQVVGDDLTV	VVQVVLLVLLV
0.379040090739727	0	FLQESPVFYV	LQPFSPFQYY
0.3776916675269604	0	TLLNVLKSV	LSQLLKKV
0.3731787221299277	0	FAQAPQLSV	SENNDPVSV
0.3706398643553257	0	LHYDSKTL	LAKKPHTV
0.3660564094781875	0	KHPELLELLAL	KYLLLEELNL
0.3651046514511108	0	LPLALSGRDLLA	LLALRRLLLE
0.3650909757072275	0	AHSDAYQTREL	HSDGKKKRASL
0.3640780625018207	0	LPM+15.995SPTAM+15.995GPTL	LPSPALM+15.995GTQT
0.3637761920690536	0	KQGYVLYRL	RRGVVRGQW
0.3636428829696443	0	DLRDDKDTL	DRDKSKDEV
0.3632365829414791	0	DAFTFRHFLL	LFHSSHFLL
0.3631509825587272	0	VPYPLPKLDLL	LDPLLSLRLV
0.3583188712596893	0	KMDDPTVNWSL	RRRGGLNESE
0.357498856054412	0	RELQPGVKAV	RRVGGGVRD
0.3571868605083889	0	KEFGFSGLNV	LELSFSLNY
0.3562183239393764	0	FRYQGHVGA	RRHALLHHL
0.3550703293747372	0	LDRELSLKL	KRLLHSRRV
0.3548454758193757	0	KAKEPTTQL	KLVKLLTQL
0.3518541333350268	0	KM+15.995DDPTVNWSL	KQLLTLNNNSL
0.3510126426815986	0	NHLKFLNVLL	LLLRRRNVLL
0.3482505570758473	0	KLLETELLQEL	LLLFLLLLQLL
0.3480156924989488	0	KPRPVSQLV	LPKKRLMVV
0.3479549371533924	0	FLLKSLNLV	LLLLKLLSV
0.3468904048204422	0	KM+15.995AAAPHGGGSL	GGNGGGGGEA
0.3457621882359187	0	DKFKELNNAHAL	DKKRRKKRKHAL
0.3451791852712631	0	KVFPSPHLLQL	KVFLLLLLLVV
0.3450590908527374	0	FPLKWTAPEA	ALTVRVVPEL
0.342144975438714	0	YPFKPPM+15.995L	FPFRPPRV
0.3389762673113081	0	LVPLLAPRL	LLPLLLPHV
0.3358698363105456	0	HHHQEVLLV	DELDHHLLV
0.3329118258423275	0	KVASLLHQV	KVRSLLAVV
0.3318450356071645	0	VPYPPLLRAMLL	PYPPPPLLPRL
0.3259382214811113	0	TEYLEERRL	EYYLELYHL
0.3239605757925246	0	GLWGHPVLA	FFSSKLLLA
0.3237619631820255	0	SRFDNDRTL	DDDTGGRRA
0.3222392074763774	0	QPTSVLDKATA	KYVVKAARAA
0.3210349364413155	0	LPMSNVKNV	LPNNAYQKV
0.3197850368239663	0	LFELDLPTVHSL	DLLLLYPEAEL
0.3186395946476195	0	TRAELQLRL	LLLALAARL
0.3156781941652298	0	PRALTEKSL	SLKELLKTL
0.3140907933314641	0	GRLYPWGVV	VGGDPFGVF
0.3135819144546986	0	WRYM+15.995GGFAKSV	RRLPKKSARW
0.3126922436058521	0	DGLVKVQV	DLLVLLKV
0.3083036497235298	0	KLNPSLLTMEL	REPRLLTTET
0.3069395141469108	0	GRYTGVRLL	RLDLTTYLT
0.3057304223378499	0	KELKLLQTL	KELKKLNLL
0.2980286125093698	0	SLPTKGLSL	EPPKLLKL
0.293433416634798	0	NLVKQGYEGNFL	VVVQQSSGGADL
0.2916286637385686	0	AFEVLEKPQA	YEELLLEEA
0.2883278980851173	0	KQRPQATAEQL	KLLPRRRRQL
0.2879561902238772	0	DVNQQEFVRALA	DAAAVEM+15.995VVRALA
0.2876932935582267	0	FHNKYYQSL	PQYM+15.995EQQTV
0.2824760861694813	0	EAKLKQEL	RLLLLRRA
0.2821244448423385	0	SPFPTKPLEGQA	ARLLAPLLGAA
0.2815034694969654	0	RPLDTSRLTKL	KRRLRRREKL
0.280575889755379	0	NYPETLGRLLL	LLLLLLLPLTL
0.2793817249211398	0	SYM+15.995GLDQLKPLL	LLLPTGLQPLP
0.2766886189579963	0	KESPVVKGNALL	EGAKVKLSEA
0.2763108561436335	0	TPRSGVRGTPV	LLRRRKKPL
0.2658121445112758	0	KYDDLKKVV	RRSLLKRRA
0.2622045675913493	0	KDLLHVKSV	RRRLLRRRA
0.2567594817706516	0	VVPAALKV	PPPLPPV
0.2488043172792955	0	LPFVRPLPHL	LLPAARPLRRA
0.2465793099254369	0	VPYPPLLRAM+15.995LL	DPYPPLLLRYLP
0.2407686611016591	0	KELETLKQAA	LLEELLLEA
0.2352736040949821	0	TLLTHPFHVL	DLLLKKLRRW
0.2319938112050295	0	PNFDVRELVNNL	DLLLVRNNVNSM
0.2283614454790949	0	SPYRVRAV	LYPGPHKV
0.2208561855885717	0	TLADLVHHV	ALLLLLHRV
0.2143608927726745	0	KLVELPTKM+15.995RV	KLLLLC+57.021PKRRG
0.1917333412501547	0	PFYDKPM+15.995RL	FLRRRKRKA
0.1569792560555718	0	RVLDPSKFLKL	KRRLLLLLRRA
